date,jcd,cup_id,cup_name,grade,slot
20230101,04,2023010104,令和４年度浜松市営　普通開催　１／１～,0,day
20230102,04,2023010104,令和４年度浜松市営　普通開催　１／１～,0,day
20230103,04,2023010104,令和４年度浜松市営　普通開催　１／１～,0,day
20230104,04,2023010104,令和４年度浜松市営　普通開催　１／１～,0,day
20230101,06,2023010106,令和４年度山陽小野田市営　山陽ミッドナイト　１／１～,0,midnight
20230102,06,2023010106,令和４年度山陽小野田市営　山陽ミッドナイト　１／１～,0,midnight
20230103,06,2023010106,令和４年度山陽小野田市営　山陽ミッドナイト　１／１～,0,midnight
20230104,06,2023010106,令和４年度山陽小野田市営　山陽ミッドナイト　１／１～,0,midnight
20230102,02,2023010202,令和４年度川口市営　普通開催　１／２～,0,day
20230103,02,2023010202,令和４年度川口市営　普通開催　１／２～,0,day
20230104,02,2023010202,令和４年度川口市営　普通開催　１／２～,0,day
20230105,02,2023010502,令和４年度川口市営　川口ナイトレース　１／５～,0,night
20230106,02,2023010502,令和４年度川口市営　川口ナイトレース　１／５～,0,night
20230107,02,2023010502,令和４年度川口市営　川口ナイトレース　１／５～,0,night
20230105,03,2023010503,ＧⅠ開場記念シルクカップ,2,day
20230106,03,2023010503,ＧⅠ開場記念シルクカップ,2,day
20230107,03,2023010503,ＧⅠ開場記念シルクカップ,2,day
20230108,03,2023010503,ＧⅠ開場記念シルクカップ,2,day
20230109,03,2023010503,ＧⅠ開場記念シルクカップ,2,day
20230108,05,2023010805,令和４年度飯塚市営　飯塚ミッドナイト　１／８～,0,midnight
20230109,05,2023010805,令和４年度飯塚市営　飯塚ミッドナイト　１／８～,0,midnight
20230110,05,2023010805,令和４年度飯塚市営　飯塚ミッドナイト　１／８～,0,midnight
20230110,02,2023011002,令和４年度川口市営　普通開催　１／１０～,0,day
20230111,02,2023011002,令和４年度川口市営　普通開催　１／１０～,0,day
20230112,02,2023011002,令和４年度川口市営　普通開催　１／１０～,0,day
20230113,02,2023011002,令和４年度川口市営　普通開催　１／１０～,0,day
20230111,06,2023011106,令和４年度山陽小野田市営　山陽ミッドナイト　１／１１～,0,midnight
20230112,06,2023011106,令和４年度山陽小野田市営　山陽ミッドナイト　１／１１～,0,midnight
20230113,06,2023011106,令和４年度山陽小野田市営　山陽ミッドナイト　１／１１～,0,midnight
20230114,02,2023011402,令和４年度川口市営　川口ナイトレース　１／１４～,0,night
20230115,02,2023011402,令和４年度川口市営　川口ナイトレース　１／１４～,0,night
20230116,02,2023011402,令和４年度川口市営　川口ナイトレース　１／１４～,0,night
20230114,03,2023011403,令和４年度伊勢崎市営　普通開催　１／１４～,0,day
20230115,03,2023011403,令和４年度伊勢崎市営　普通開催　１／１４～,0,day
20230116,03,2023011403,令和４年度伊勢崎市営　普通開催　１／１４～,0,day
20230117,04,2023011704,令和４年度浜松市営　普通開催　１／１７～,0,day
20230118,04,2023011704,令和４年度浜松市営　普通開催　１／１７～,0,day
20230119,04,2023011704,令和４年度浜松市営　普通開催　１／１７～,0,day
20230117,06,2023011706,令和４年度山陽小野田市営　山陽ミッドナイト　１／１７～,0,midnight
20230118,06,2023011706,令和４年度山陽小野田市営　山陽ミッドナイト　１／１７～,0,midnight
20230119,06,2023011706,令和４年度山陽小野田市営　山陽ミッドナイト　１／１７～,0,midnight
20230120,06,2023011706,令和４年度山陽小野田市営　山陽ミッドナイト　１／１７～,0,midnight
20230120,02,2023012002,令和４年度川口市営　普通開催　１／２０～,0,day
20230121,02,2023012002,令和４年度川口市営　普通開催　１／２０～,0,day
20230122,02,2023012002,令和４年度川口市営　普通開催　１／２０～,0,day
20230123,02,2023012002,令和４年度川口市営　普通開催　１／２０～,0,day
20230121,05,2023012105,令和４年度飯塚市営　普通開催　１／２１～,0,day
20230122,05,2023012105,令和４年度飯塚市営　普通開催　１／２１～,0,day
20230123,05,2023012105,令和４年度飯塚市営　普通開催　１／２１～,0,day
20230124,02,2023012402,令和４年度川口市営　川口ナイトレース　１／２４～,0,night
20230125,02,2023012402,令和４年度川口市営　川口ナイトレース　１／２４～,0,night
20230126,02,2023012402,令和４年度川口市営　川口ナイトレース　１／２４～,0,night
20230125,03,2023012503,ＧⅡレジェンドカップ,3,day
20230126,03,2023012503,ＧⅡレジェンドカップ,3,day
20230127,03,2023012503,ＧⅡレジェンドカップ,3,day
20230128,03,2023012503,ＧⅡレジェンドカップ,3,day
20230129,03,2023012503,ＧⅡレジェンドカップ,3,day
20230127,05,2023012705,令和４年度飯塚市営　飯塚ミッドナイト　１／２７～,0,midnight
20230128,05,2023012705,令和４年度飯塚市営　飯塚ミッドナイト　１／２７～,0,midnight
20230129,05,2023012705,令和４年度飯塚市営　飯塚ミッドナイト　１／２７～,0,midnight
20230130,02,2023013002,令和４年度川口市営　普通開催　１／３０～,0,day
20230131,02,2023013002,令和４年度川口市営　普通開催　１／３０～,0,day
20230201,02,2023013002,令和４年度川口市営　普通開催　１／３０～,0,day
20230202,02,2023013002,令和４年度川口市営　普通開催　１／３０～,0,day
20230203,02,2023013002,令和４年度川口市営　普通開催　１／３０～,0,day
20230130,06,2023013006,ＧⅡミッドナイトチャンピオンカップ,3,midnight
20230131,06,2023013006,ＧⅡミッドナイトチャンピオンカップ,3,midnight
20230201,06,2023013006,ＧⅡミッドナイトチャンピオンカップ,3,midnight
20230202,06,2023013006,ＧⅡミッドナイトチャンピオンカップ,3,midnight
20230203,06,2023013006,ＧⅡミッドナイトチャンピオンカップ,3,midnight
20230204,04,2023020404,令和４年度浜松市営　普通開催　２／４～,0,day
20230205,04,2023020404,令和４年度浜松市営　普通開催　２／４～,0,day
20230206,04,2023020404,令和４年度浜松市営　普通開催　２／４～,0,day
20230207,04,2023020404,令和４年度浜松市営　普通開催　２／４～,0,day
20230204,05,2023020405,令和４年度飯塚市営　飯塚ミッドナイト　２／４～,0,midnight
20230205,05,2023020405,令和４年度飯塚市営　飯塚ミッドナイト　２／４～,0,midnight
20230206,05,2023020405,令和４年度飯塚市営　飯塚ミッドナイト　２／４～,0,midnight
20230207,05,2023020405,令和４年度飯塚市営　飯塚ミッドナイト　２／４～,0,midnight
20230208,05,2023020405,令和４年度飯塚市営　飯塚ミッドナイト　２／４～,0,midnight
20230208,02,2023020802,ＧⅠ開設記念グランプリレース,2,day
20230209,02,2023020802,ＧⅠ開設記念グランプリレース,2,day
20230210,02,2023020802,ＧⅠ開設記念グランプリレース,2,day
20230211,02,2023020802,ＧⅠ開設記念グランプリレース,2,day
20230212,02,2023020802,ＧⅠ開設記念グランプリレース,2,day
20230209,06,2023020906,令和４年度浜松市営　山陽ミッドナイト　２／９～,0,midnight
20230210,06,2023020906,令和４年度浜松市営　山陽ミッドナイト　２／９～,0,midnight
20230211,06,2023020906,令和４年度浜松市営　山陽ミッドナイト　２／９～,0,midnight
20230212,06,2023020906,令和４年度浜松市営　山陽ミッドナイト　２／９～,0,midnight
20230213,05,2023021305,令和４年度飯塚市営　普通開催　２／１３～,0,day
20230214,05,2023021305,令和４年度飯塚市営　普通開催　２／１３～,0,day
20230215,05,2023021305,令和４年度飯塚市営　普通開催　２／１３～,0,day
20230215,02,2023021502,令和４年度川口市営　普通開催　２／１５～,0,day
20230216,02,2023021502,令和４年度川口市営　普通開催　２／１５～,0,day
20230217,02,2023021502,令和４年度川口市営　普通開催　２／１５～,0,day
20230218,02,2023021502,令和４年度川口市営　普通開催　２／１５～,0,day
20230219,02,2023021502,令和４年度川口市営　普通開催　２／１５～,0,day
20230216,05,2023021605,令和４年度飯塚市営　飯塚ミッドナイト　２／１６～,0,midnight
20230217,05,2023021605,令和４年度飯塚市営　飯塚ミッドナイト　２／１６～,0,midnight
20230218,05,2023021605,令和４年度飯塚市営　飯塚ミッドナイト　２／１６～,0,midnight
20230219,06,2023021906,令和４年度山陽小野田市営　普通開催　２／１９～,0,day
20230220,06,2023021906,令和４年度山陽小野田市営　普通開催　２／１９～,0,day
20230221,06,2023021906,令和４年度山陽小野田市営　普通開催　２／１９～,0,day
20230222,02,2023022202,令和４年度川口市営　川口ナイトレース　２／２２～,0,night
20230223,02,2023022202,令和４年度川口市営　川口ナイトレース　２／２２～,0,night
20230224,02,2023022202,令和４年度川口市営　川口ナイトレース　２／２２～,0,night
20230222,04,2023022204,ＳＧ全日本選抜オートレース,1,day
20230223,04,2023022204,ＳＧ全日本選抜オートレース,1,day
20230224,04,2023022204,ＳＧ全日本選抜オートレース,1,day
20230225,04,2023022204,ＳＧ全日本選抜オートレース,1,day
20230226,04,2023022204,ＳＧ全日本選抜オートレース,1,day
20230225,06,2023022506,令和４年度山陽小野田市営　山陽ミッドナイト　２／２５～,0,midnight
20230226,06,2023022506,令和４年度山陽小野田市営　山陽ミッドナイト　２／２５～,0,midnight
20230227,06,2023022506,令和４年度山陽小野田市営　山陽ミッドナイト　２／２５～,0,midnight
20230227,02,2023022702,令和４年度川口市営　普通開催　２／２７～,0,day
20230228,02,2023022702,令和４年度川口市営　普通開催　２／２７～,0,day
20230301,02,2023022702,令和４年度川口市営　普通開催　２／２７～,0,day
20230302,02,2023022702,令和４年度川口市営　普通開催　２／２７～,0,day
20230228,05,2023022805,令和４年度飯塚市営　飯塚ミッドナイト　２／２８～,0,midnight
20230301,05,2023022805,令和４年度飯塚市営　飯塚ミッドナイト　２／２８～,0,midnight
20230302,05,2023022805,令和４年度飯塚市営　飯塚ミッドナイト　２／２８～,0,midnight
20230303,05,2023022805,令和４年度飯塚市営　飯塚ミッドナイト　２／２８～,0,midnight
20230304,05,2023022805,令和４年度飯塚市営　飯塚ミッドナイト　２／２８～,0,midnight
20230304,02,2023030402,令和４年度川口市営　普通開催　３／４～,0,day
20230305,02,2023030402,令和４年度川口市営　普通開催　３／４～,0,day
20230306,02,2023030402,令和４年度川口市営　普通開催　３／４～,0,day
20230307,02,2023030402,令和４年度川口市営　普通開催　３／４～,0,day
20230305,06,2023030506,令和４年度山陽小野田市営　普通開催　３／５～,0,day
20230306,06,2023030506,令和４年度山陽小野田市営　普通開催　３／５～,0,day
20230307,06,2023030506,令和４年度山陽小野田市営　普通開催　３／５～,0,day
20230308,05,2023030805,ＧⅡオーバルチャンピオンカップ,3,day
20230309,05,2023030805,ＧⅡオーバルチャンピオンカップ,3,day
20230310,05,2023030805,ＧⅡオーバルチャンピオンカップ,3,day
20230311,05,2023030805,ＧⅡオーバルチャンピオンカップ,3,day
20230312,05,2023030805,ＧⅡオーバルチャンピオンカップ,3,day
20230313,02,2023031302,令和４年度川口市営　川口ナイトレース　３／１３～,0,night
20230314,02,2023031302,令和４年度川口市営　川口ナイトレース　３／１３～,0,night
20230315,02,2023031302,令和４年度川口市営　川口ナイトレース　３／１３～,0,night
20230316,02,2023031302,令和４年度川口市営　川口ナイトレース　３／１３～,0,night
20230317,02,2023031302,令和４年度川口市営　川口ナイトレース　３／１３～,0,night
20230313,04,2023031304,令和４年度浜松市営　普通開催　３／１３～,0,day
20230314,04,2023031304,令和４年度浜松市営　普通開催　３／１３～,0,day
20230315,04,2023031304,令和４年度浜松市営　普通開催　３／１３～,0,day
20230316,04,2023031304,令和４年度浜松市営　普通開催　３／１３～,0,day
20230317,06,2023031706,特別ＧⅠ共同通信社杯プレミアムカップ,5,day
20230318,06,2023031706,特別ＧⅠ共同通信社杯プレミアムカップ,5,day
20230319,06,2023031706,特別ＧⅠ共同通信社杯プレミアムカップ,5,day
20230320,06,2023031706,特別ＧⅠ共同通信社杯プレミアムカップ,5,day
20230321,06,2023031706,特別ＧⅠ共同通信社杯プレミアムカップ,5,day
20230320,02,2023032002,令和４年度川口市営　川口ナイトレース　３／２０～,0,night
20230321,02,2023032002,令和４年度川口市営　川口ナイトレース　３／２０～,0,night
20230322,02,2023032002,令和４年度川口市営　川口ナイトレース　３／２０～,0,night
20230323,02,2023032002,令和４年度川口市営　川口ナイトレース　３／２０～,0,night
20230322,05,2023032205,令和４年度飯塚市営　普通開催　３／２２～,0,day
20230323,05,2023032205,令和４年度飯塚市営　普通開催　３／２２～,0,day
20230324,05,2023032205,令和４年度飯塚市営　普通開催　３／２２～,0,day
20230325,02,2023032502,令和４年度川口市営　普通開催　３／２５～,0,day
20230326,02,2023032502,令和４年度川口市営　普通開催　３／２５～,0,day
20230327,02,2023032502,令和４年度川口市営　普通開催　３／２５～,0,day
20230328,02,2023032502,令和４年度川口市営　普通開催　３／２５～,0,day
20230329,02,2023032502,令和４年度川口市営　普通開催　３／２５～,0,day
20230325,06,2023032506,令和４年度浜松市営　山陽ミッドナイト　３／２５～,0,midnight
20230326,06,2023032506,令和４年度浜松市営　山陽ミッドナイト　３／２５～,0,midnight
20230327,06,2023032506,令和４年度浜松市営　山陽ミッドナイト　３／２５～,0,midnight
20230328,06,2023032506,令和４年度浜松市営　山陽ミッドナイト　３／２５～,0,midnight
20230329,05,2023032905,令和４年度飯塚市営　普通開催　３／２９～,0,day
20230330,05,2023032905,令和４年度飯塚市営　普通開催　３／２９～,0,day
20230331,05,2023032905,令和４年度飯塚市営　普通開催　３／２９～,0,day
20230401,04,2023040104,ＧⅡウィナーズカップ,3,day
20230402,04,2023040104,ＧⅡウィナーズカップ,3,day
20230403,04,2023040104,ＧⅡウィナーズカップ,3,day
20230404,04,2023040104,ＧⅡウィナーズカップ,3,day
20230405,04,2023040104,ＧⅡウィナーズカップ,3,day
20230401,05,2023040105,令和５年度飯塚市営　飯塚ミッドナイト　４／１～,0,midnight
20230402,05,2023040105,令和５年度飯塚市営　飯塚ミッドナイト　４／１～,0,midnight
20230403,05,2023040105,令和５年度飯塚市営　飯塚ミッドナイト　４／１～,0,midnight
20230404,06,2023040406,令和５年度山陽小野田市営　山陽ミッドナイト　４／４～,0,midnight
20230405,06,2023040406,令和５年度山陽小野田市営　山陽ミッドナイト　４／４～,0,midnight
20230406,06,2023040406,令和５年度山陽小野田市営　山陽ミッドナイト　４／４～,0,midnight
20230407,06,2023040406,令和５年度山陽小野田市営　山陽ミッドナイト　４／４～,0,midnight
20230406,02,2023040602,令和５年度川口市営　普通開催　４／６～,0,day
20230407,02,2023040602,令和５年度川口市営　普通開催　４／６～,0,day
20230408,02,2023040602,令和５年度川口市営　普通開催　４／６～,0,day
20230409,02,2023040602,令和５年度川口市営　普通開催　４／６～,0,day
20230410,02,2023040602,令和５年度川口市営　普通開催　４／６～,0,day
20230408,05,2023040805,令和５年度飯塚市営　普通開催　４／８～,0,day
20230409,05,2023040805,令和５年度飯塚市営　普通開催　４／８～,0,day
20230410,05,2023040805,令和５年度飯塚市営　普通開催　４／８～,0,day
20230411,05,2023040805,令和５年度飯塚市営　普通開催　４／８～,0,day
20230412,02,2023041202,令和５年度川口市営　川口ナイトレース　４／１２～,0,night
20230413,02,2023041202,令和５年度川口市営　川口ナイトレース　４／１２～,0,night
20230414,02,2023041202,令和５年度川口市営　川口ナイトレース　４／１２～,0,night
20230415,02,2023041202,令和５年度川口市営　川口ナイトレース　４／１２～,0,night
20230416,02,2023041202,令和５年度川口市営　川口ナイトレース　４／１２～,0,night
20230412,06,2023041206,ＧⅠ令和グランドチャンピオンカップ,2,day
20230413,06,2023041206,ＧⅠ令和グランドチャンピオンカップ,2,day
20230414,06,2023041206,ＧⅠ令和グランドチャンピオンカップ,2,day
20230415,06,2023041206,ＧⅠ令和グランドチャンピオンカップ,2,day
20230416,06,2023041206,ＧⅠ令和グランドチャンピオンカップ,2,day
20230417,04,2023041704,令和５年度浜松市営　普通開催　４／１７～,0,day
20230418,04,2023041704,令和５年度浜松市営　普通開催　４／１７～,0,day
20230419,04,2023041704,令和５年度浜松市営　普通開催　４／１７～,0,day
20230420,04,2023041704,令和５年度浜松市営　普通開催　４／１７～,0,day
20230417,05,2023041705,令和５年度飯塚市営　飯塚ミッドナイト　４／１７～,0,midnight
20230418,05,2023041705,令和５年度飯塚市営　飯塚ミッドナイト　４／１７～,0,midnight
20230419,05,2023041705,令和５年度飯塚市営　飯塚ミッドナイト　４／１７～,0,midnight
20230420,06,2023042006,令和５年度山陽小野田市営　山陽ミッドナイト　４／２０～,0,midnight
20230421,06,2023042006,令和５年度山陽小野田市営　山陽ミッドナイト　４／２０～,0,midnight
20230422,06,2023042006,令和５年度山陽小野田市営　山陽ミッドナイト　４／２０～,0,midnight
20230423,06,2023042006,令和５年度山陽小野田市営　山陽ミッドナイト　４／２０～,0,midnight
20230424,06,2023042006,令和５年度山陽小野田市営　山陽ミッドナイト　４／２０～,0,midnight
20230421,02,2023042102,令和５年度川口市営　普通開催　４／２１～,0,day
20230422,02,2023042102,令和５年度川口市営　普通開催　４／２１～,0,day
20230423,02,2023042102,令和５年度川口市営　普通開催　４／２１～,0,day
20230424,02,2023042102,令和５年度川口市営　普通開催　４／２１～,0,day
20230425,04,2023042504,令和５年度浜松市営　浜松アーリーレース　４／２５～,0,early
20230426,04,2023042504,令和５年度浜松市営　浜松アーリーレース　４／２５～,0,early
20230427,04,2023042504,令和５年度浜松市営　浜松アーリーレース　４／２５～,0,early
20230425,05,2023042505,ＳＧオールスター・オートレース,1,day
20230426,05,2023042505,ＳＧオールスター・オートレース,1,day
20230427,05,2023042505,ＳＧオールスター・オートレース,1,day
20230428,05,2023042505,ＳＧオールスター・オートレース,1,day
20230429,05,2023042505,ＳＧオールスター・オートレース,1,day
20230430,05,2023042505,ＳＧオールスター・オートレース,1,day
20230428,04,2023042804,令和５年度浜松市営　浜松アーリーレース４／２８～,0,early
20230429,04,2023042804,令和５年度浜松市営　浜松アーリーレース４／２８～,0,early
20230430,04,2023042804,令和５年度浜松市営　浜松アーリーレース４／２８～,0,early
20230501,03,2023050103,令和５年度伊勢崎市営　アフター５　５／１～,0,after5
20230502,03,2023050103,令和５年度伊勢崎市営　アフター５　５／１～,0,after5
20230503,03,2023050103,令和５年度伊勢崎市営　アフター５　５／１～,0,after5
20230501,06,2023050106,令和５年度山陽小野田市営　普通開催　５／１～,0,day
20230502,06,2023050106,令和５年度山陽小野田市営　普通開催　５／１～,0,day
20230503,06,2023050106,令和５年度山陽小野田市営　普通開催　５／１～,0,day
20230504,02,2023050402,令和５年度川口市営　普通開催　５／４～,0,day
20230505,02,2023050402,令和５年度川口市営　普通開催　５／４～,0,day
20230506,02,2023050402,令和５年度川口市営　普通開催　５／４～,0,day
20230504,03,2023050403,令和５年度伊勢崎市営　普通開催　５／４～　ナイター,0,night
20230505,03,2023050403,令和５年度伊勢崎市営　普通開催　５／４～　ナイター,0,night
20230506,03,2023050403,令和５年度伊勢崎市営　普通開催　５／４～　ナイター,0,night
20230504,06,2023050406,令和５年度山陽小野田市営　山陽ミッドナイト　５／４～,0,midnight
20230505,06,2023050406,令和５年度山陽小野田市営　山陽ミッドナイト　５／４～,0,midnight
20230506,06,2023050406,令和５年度山陽小野田市営　山陽ミッドナイト　５／４～,0,midnight
20230507,02,2023050702,令和５年度川口市営　普通開催　５／７～　ナイター,0,night
20230508,02,2023050702,令和５年度川口市営　普通開催　５／７～　ナイター,0,night
20230509,02,2023050702,令和５年度川口市営　普通開催　５／７～　ナイター,0,night
20230507,05,2023050705,令和５年度飯塚市営　普通開催　５／７～,0,day
20230508,05,2023050705,令和５年度飯塚市営　普通開催　５／７～,0,day
20230509,05,2023050705,令和５年度飯塚市営　普通開催　５／７～,0,day
20230510,04,2023051004,ＧⅠ開場記念ゴールデンレース,2,day
20230511,04,2023051004,ＧⅠ開場記念ゴールデンレース,2,day
20230512,04,2023051004,ＧⅠ開場記念ゴールデンレース,2,day
20230513,04,2023051004,ＧⅠ開場記念ゴールデンレース,2,day
20230514,04,2023051004,ＧⅠ開場記念ゴールデンレース,2,day
20230510,06,2023051006,令和５年度山陽小野田市営　山陽ミッドナイト　５／１０～,0,midnight
20230511,06,2023051006,令和５年度山陽小野田市営　山陽ミッドナイト　５／１０～,0,midnight
20230512,06,2023051006,令和５年度山陽小野田市営　山陽ミッドナイト　５／１０～,0,midnight
20230513,06,2023051006,令和５年度山陽小野田市営　山陽ミッドナイト　５／１０～,0,midnight
20230515,02,2023051502,令和５年度川口市　普通開催　５／１５～,0,day
20230516,02,2023051502,令和５年度川口市　普通開催　５／１５～,0,day
20230517,02,2023051502,令和５年度川口市　普通開催　５／１５～,0,day
20230518,02,2023051502,令和５年度川口市　普通開催　５／１５～,0,day
20230515,06,2023051506,令和５年度山陽小野田市営　山陽ミッドナイト　５／１５～,0,midnight
20230516,06,2023051506,令和５年度山陽小野田市営　山陽ミッドナイト　５／１５～,0,midnight
20230517,06,2023051506,令和５年度山陽小野田市営　山陽ミッドナイト　５／１５～,0,midnight
20230518,06,2023051506,令和５年度山陽小野田市営　山陽ミッドナイト　５／１５～,0,midnight
20230519,05,2023051905,令和５年度飯塚市営　普通開催　５／１９～,0,day
20230520,05,2023051905,令和５年度飯塚市営　普通開催　５／１９～,0,day
20230521,05,2023051905,令和５年度飯塚市営　普通開催　５／１９～,0,day
20230522,05,2023051905,令和５年度飯塚市営　普通開催　５／１９～,0,day
20230520,03,2023052003,令和５年度伊勢崎市営　普通開催　５／２０～　ナイター,0,night
20230521,03,2023052003,令和５年度伊勢崎市営　普通開催　５／２０～　ナイター,0,night
20230522,03,2023052003,令和５年度伊勢崎市営　普通開催　５／２０～　ナイター,0,night
20230523,03,2023052003,令和５年度伊勢崎市営　普通開催　５／２０～　ナイター,0,night
20230523,06,2023052306,令和５年度山陽小野田市営　山陽ミッドナイト　５／２３～,0,midnight
20230524,06,2023052306,令和５年度山陽小野田市営　山陽ミッドナイト　５／２３～,0,midnight
20230525,06,2023052306,令和５年度山陽小野田市営　山陽ミッドナイト　５／２３～,0,midnight
20230526,06,2023052306,令和５年度山陽小野田市営　山陽ミッドナイト　５／２３～,0,midnight
20230524,02,2023052402,ＧⅡ川口記念,3,day
20230525,02,2023052402,ＧⅡ川口記念,3,day
20230526,02,2023052402,ＧⅡ川口記念,3,day
20230527,02,2023052402,ＧⅡ川口記念,3,day
20230528,02,2023052402,ＧⅡ川口記念,3,day
20230525,04,2023052504,令和５年度浜松市営　浜松アーリーレース　５／２５～,0,early
20230526,04,2023052504,令和５年度浜松市営　浜松アーリーレース　５／２５～,0,early
20230527,04,2023052504,令和５年度浜松市営　浜松アーリーレース　５／２５～,0,early
20230528,04,2023052504,令和５年度浜松市営　浜松アーリーレース　５／２５～,0,early
20230529,06,2023052906,令和５年度山陽小野田市営　普通開催　５／２９～,0,day
20230530,06,2023052906,令和５年度山陽小野田市営　普通開催　５／２９～,0,day
20230531,06,2023052906,令和５年度山陽小野田市営　普通開催　５／２９～,0,day
20230601,06,2023052906,令和５年度山陽小野田市営　普通開催　５／２９～,0,day
20230530,03,2023053003,令和５年度伊勢崎市営　伊勢崎アフター５　５／３０～,0,after5
20230531,03,2023053003,令和５年度伊勢崎市営　伊勢崎アフター５　５／３０～,0,after5
20230601,03,2023053003,令和５年度伊勢崎市営　伊勢崎アフター５　５／３０～,0,after5
20230602,03,2023053003,令和５年度伊勢崎市営　伊勢崎アフター５　５／３０～,0,after5
20230602,05,2023060205,令和５年度飯塚市営　普通開催　６／２～,0,day
20230603,05,2023060205,令和５年度飯塚市営　普通開催　６／２～,0,day
20230604,05,2023060205,令和５年度飯塚市営　普通開催　６／２～,0,day
20230603,02,2023060302,令和５年度川口市営　普通開催　６／３～　,0,day
20230604,02,2023060302,令和５年度川口市営　普通開催　６／３～　,0,day
20230605,02,2023060302,令和５年度川口市営　普通開催　６／３～　,0,day
20230606,02,2023060302,令和５年度川口市営　普通開催　６／３～　,0,day
20230606,06,2023060606,令和５年度山陽小野田市営　山陽ミッドナイト　６／６～,0,midnight
20230607,06,2023060606,令和５年度山陽小野田市営　山陽ミッドナイト　６／６～,0,midnight
20230608,06,2023060606,令和５年度山陽小野田市営　山陽ミッドナイト　６／６～,0,midnight
20230609,06,2023060606,令和５年度山陽小野田市営　山陽ミッドナイト　６／６～,0,midnight
20230607,03,2023060703,ＧⅡ稲妻賞,3,day
20230608,03,2023060703,ＧⅡ稲妻賞,3,day
20230609,03,2023060703,ＧⅡ稲妻賞,3,day
20230610,03,2023060703,ＧⅡ稲妻賞,3,day
20230611,03,2023060703,ＧⅡ稲妻賞,3,day
20230608,04,2023060804,令和５年度浜松市営　浜松アーリーレース　６／８～,0,early
20230609,04,2023060804,令和５年度浜松市営　浜松アーリーレース　６／８～,0,early
20230610,04,2023060804,令和５年度浜松市営　浜松アーリーレース　６／８～,0,early
20230611,04,2023060804,令和５年度浜松市営　浜松アーリーレース　６／８～,0,early
20230612,06,2023061206,令和５年度山陽小野田市営　普通開催　６／１２～　,0,day
20230613,06,2023061206,令和５年度山陽小野田市営　普通開催　６／１２～　,0,day
20230614,06,2023061206,令和５年度山陽小野田市営　普通開催　６／１２～　,0,day
20230615,02,2023061502,令和５年度川口市営普通開催　６／１５～　,0,day
20230616,02,2023061502,令和５年度川口市営普通開催　６／１５～　,0,day
20230617,02,2023061502,令和５年度川口市営普通開催　６／１５～　,0,day
20230618,02,2023061502,令和５年度川口市営普通開催　６／１５～　,0,day
20230615,06,2023061506,令和５年度山陽小野田市営　山陽ミッドナイト　６／１５～,0,midnight
20230616,06,2023061506,令和５年度山陽小野田市営　山陽ミッドナイト　６／１５～,0,midnight
20230617,06,2023061506,令和５年度山陽小野田市営　山陽ミッドナイト　６／１５～,0,midnight
20230617,04,2023061704,令和５年度浜松市営　普通開催　６／１７～,0,day
20230618,04,2023061704,令和５年度浜松市営　普通開催　６／１７～,0,day
20230619,04,2023061704,令和５年度浜松市営　普通開催　６／１７～,0,day
20230620,04,2023061704,令和５年度浜松市営　普通開催　６／１７～,0,day
20230619,02,2023061902,令和５年度川口市営　川口ナイトレース　６／１９～,0,night
20230620,02,2023061902,令和５年度川口市営　川口ナイトレース　６／１９～,0,night
20230621,02,2023061902,令和５年度川口市営　川口ナイトレース　６／１９～,0,night
20230621,06,2023062106,ＧⅡ小林啓二杯,3,day
20230622,06,2023062106,ＧⅡ小林啓二杯,3,day
20230623,06,2023062106,ＧⅡ小林啓二杯,3,day
20230624,06,2023062106,ＧⅡ小林啓二杯,3,day
20230625,06,2023062106,ＧⅡ小林啓二杯,3,day
20230622,03,2023062203,令和５年度伊勢崎市営　伊勢崎アフター５　６／２２～,0,after5
20230623,03,2023062203,令和５年度伊勢崎市営　伊勢崎アフター５　６／２２～,0,after5
20230624,03,2023062203,令和５年度伊勢崎市営　伊勢崎アフター５　６／２２～,0,after5
20230625,03,2023062203,令和５年度伊勢崎市営　伊勢崎アフター５　６／２２～,0,after5
20230626,02,2023062602,令和５年度川口市営　普通開催　６／２６～,0,day
20230627,02,2023062602,令和５年度川口市営　普通開催　６／２６～,0,day
20230628,02,2023062602,令和５年度川口市営　普通開催　６／２６～,0,day
20230629,02,2023062602,令和５年度川口市営　普通開催　６／２６～,0,day
20230626,05,2023062605,令和５年度飯塚市営　飯塚ミッドナイト　６／２６～,0,midnight
20230627,05,2023062605,令和５年度飯塚市営　飯塚ミッドナイト　６／２６～,0,midnight
20230628,05,2023062605,令和５年度飯塚市営　飯塚ミッドナイト　６／２６～,0,midnight
20230629,03,2023062903,令和５年度伊勢崎市営　普通開催　６／２９～　,0,day
20230630,03,2023062903,令和５年度伊勢崎市営　普通開催　６／２９～　,0,day
20230701,03,2023062903,令和５年度伊勢崎市営　普通開催　６／２９～　,0,day
20230702,03,2023062903,令和５年度伊勢崎市営　普通開催　６／２９～　,0,day
20230630,06,2023063006,令和５年度山陽小野田市営　普通開催　６／３０～,0,day
20230701,06,2023063006,令和５年度山陽小野田市営　普通開催　６／３０～,0,day
20230702,06,2023063006,令和５年度山陽小野田市営　普通開催　６／３０～,0,day
20230703,04,2023070304,令和５年度浜松市営　普通開催　７／３～,0,day
20230704,04,2023070304,令和５年度浜松市営　普通開催　７／３～,0,day
20230705,04,2023070304,令和５年度浜松市営　普通開催　７／３～,0,day
20230703,05,2023070305,ＧⅡミッドナイトチャンピオンカップ,3,midnight
20230704,05,2023070305,ＧⅡミッドナイトチャンピオンカップ,3,midnight
20230705,05,2023070305,ＧⅡミッドナイトチャンピオンカップ,3,midnight
20230706,05,2023070305,ＧⅡミッドナイトチャンピオンカップ,3,midnight
20230707,05,2023070305,ＧⅡミッドナイトチャンピオンカップ,3,midnight
20230706,02,2023070602,令和５年度川口市営　普通開催　７／６～,0,day
20230707,02,2023070602,令和５年度川口市営　普通開催　７／６～,0,day
20230708,02,2023070602,令和５年度川口市営　普通開催　７／６～,0,day
20230709,02,2023070602,令和５年度川口市営　普通開催　７／６～,0,day
20230708,03,2023070803,令和５年度伊勢崎市営　普通開催　７／８～　,0,day
20230709,03,2023070803,令和５年度伊勢崎市営　普通開催　７／８～　,0,day
20230710,03,2023070803,令和５年度伊勢崎市営　普通開催　７／８～　,0,day
20230711,03,2023070803,令和５年度伊勢崎市営　普通開催　７／８～　,0,day
20230710,06,2023071006,令和５年度山陽小野田市営　普通開催　７／１０～,0,day
20230711,06,2023071006,令和５年度山陽小野田市営　普通開催　７／１０～,0,day
20230712,06,2023071006,令和５年度山陽小野田市営　普通開催　７／１０～,0,day
20230713,02,2023071302,ＧⅠキューポラ杯,2,day
20230714,02,2023071302,ＧⅠキューポラ杯,2,day
20230715,02,2023071302,ＧⅠキューポラ杯,2,day
20230716,02,2023071302,ＧⅠキューポラ杯,2,day
20230717,02,2023071302,ＧⅠキューポラ杯,2,day
20230713,06,2023071306,令和５年度山陽小野市営　山陽ミッドナイト　７／１３～,0,midnight
20230714,06,2023071306,令和５年度山陽小野市営　山陽ミッドナイト　７／１３～,0,midnight
20230715,06,2023071306,令和５年度山陽小野市営　山陽ミッドナイト　７／１３～,0,midnight
20230714,04,2023071404,令和５年度浜松市営　浜松アーリーレース　７／１４～,0,early
20230715,04,2023071404,令和５年度浜松市営　浜松アーリーレース　７／１４～,0,early
20230716,04,2023071404,令和５年度浜松市営　浜松アーリーレース　７／１４～,0,early
20230717,04,2023071404,令和５年度浜松市営　浜松アーリーレース　７／１４～,0,early
20230718,05,2023071805,令和５年度飯塚市営　飯塚ミッドナイト　７／１８～,0,midnight
20230719,05,2023071805,令和５年度飯塚市営　飯塚ミッドナイト　７／１８～,0,midnight
20230720,05,2023071805,令和５年度飯塚市営　飯塚ミッドナイト　７／１８～,0,midnight
20230718,06,2023071806,令和５年度山陽小野田市営　普通開催　７／１８～,0,day
20230719,06,2023071806,令和５年度山陽小野田市営　普通開催　７／１８～,0,day
20230720,06,2023071806,令和５年度山陽小野田市営　普通開催　７／１８～,0,day
20230720,02,2023072002,令和５年度川口市営　普通開催　７／２０～,0,day
20230721,02,2023072002,令和５年度川口市営　普通開催　７／２０～,0,day
20230722,02,2023072002,令和５年度川口市営　普通開催　７／２０～,0,day
20230723,02,2023072002,令和５年度川口市営　普通開催　７／２０～,0,day
20230724,02,2023072002,令和５年度川口市営　普通開催　７／２０～,0,day
20230721,03,2023072103,令和５年度伊勢崎市営　普通開催　７／２１～,0,day
20230722,03,2023072103,令和５年度伊勢崎市営　普通開催　７／２１～,0,day
20230723,03,2023072103,令和５年度伊勢崎市営　普通開催　７／２１～,0,day
20230724,06,2023072406,令和５年度山陽小野田市営　山陽ミッドナイト　７／２４～,0,midnight
20230725,06,2023072406,令和５年度山陽小野田市営　山陽ミッドナイト　７／２４～,0,midnight
20230726,06,2023072406,令和５年度山陽小野田市営　山陽ミッドナイト　７／２４～,0,midnight
20230727,06,2023072406,令和５年度山陽小野田市営　山陽ミッドナイト　７／２４～,0,midnight
20230725,04,2023072504,令和５年度浜松市営　普通開催　７／２５～,0,day
20230726,04,2023072504,令和５年度浜松市営　普通開催　７／２５～,0,day
20230727,04,2023072504,令和５年度浜松市営　普通開催　７／２５～,0,day
20230728,04,2023072804,令和５年度浜松市営　浜松アーリーレース　７／２８～,0,early
20230729,04,2023072804,令和５年度浜松市営　浜松アーリーレース　７／２８～,0,early
20230730,04,2023072804,令和５年度浜松市営　浜松アーリーレース　７／２８～,0,early
20230731,04,2023072804,令和５年度浜松市営　浜松アーリーレース　７／２８～,0,early
20230728,05,2023072805,ＧⅡオーバルチャンピオンカップ,3,day
20230729,05,2023072805,ＧⅡオーバルチャンピオンカップ,3,day
20230730,05,2023072805,ＧⅡオーバルチャンピオンカップ,3,day
20230731,05,2023072805,ＧⅡオーバルチャンピオンカップ,3,day
20230801,05,2023072805,ＧⅡオーバルチャンピオンカップ,3,day
20230803,02,2023080302,令和５年度川口市営　普通開催　８／３～,0,day
20230804,02,2023080302,令和５年度川口市営　普通開催　８／３～,0,day
20230805,02,2023080302,令和５年度川口市営　普通開催　８／３～,0,day
20230806,02,2023080302,令和５年度川口市営　普通開催　８／３～,0,day
20230804,04,2023080404,令和５年度浜松市営　普通開催　８／４～,0,day
20230805,04,2023080404,令和５年度浜松市営　普通開催　８／４～,0,day
20230806,04,2023080404,令和５年度浜松市営　普通開催　８／４～,0,day
20230807,04,2023080704,令和５年度浜松市営　浜松アーリーレース　８／７～,0,early
20230808,04,2023080704,令和５年度浜松市営　浜松アーリーレース　８／７～,0,early
20230809,04,2023080704,令和５年度浜松市営　浜松アーリーレース　８／７～,0,early
20230807,06,2023080706,令和５年度山陽小野田市営　普通開催　８／７～,0,day
20230808,06,2023080706,令和５年度山陽小野田市営　普通開催　８／７～,0,day
20230809,06,2023080706,令和５年度山陽小野田市営　普通開催　８／７～,0,day
20230810,03,2023081003,ＳＧオートレースグランプリ,1,day
20230811,03,2023081003,ＳＧオートレースグランプリ,1,day
20230812,03,2023081003,ＳＧオートレースグランプリ,1,day
20230813,03,2023081003,ＳＧオートレースグランプリ,1,day
20230814,03,2023081003,ＳＧオートレースグランプリ,1,day
20230815,03,2023081003,ＳＧオートレースグランプリ,1,day
20230810,06,2023081006,令和５年度山陽小野田市営　山陽ミッドナイト　８／１０～,0,midnight
20230811,06,2023081006,令和５年度山陽小野田市営　山陽ミッドナイト　８／１０～,0,midnight
20230812,06,2023081006,令和５年度山陽小野田市営　山陽ミッドナイト　８／１０～,0,midnight
20230816,05,2023081605,令和５年度飯塚市営　普通開催　８／１６～,0,day
20230817,05,2023081605,令和５年度飯塚市営　普通開催　８／１６～,0,day
20230818,05,2023081605,令和５年度飯塚市営　普通開催　８／１６～,0,day
20230816,06,2023081606,令和５年度山陽小野田市営　山陽ミッドナイト　８／１６～,0,midnight
20230817,06,2023081606,令和５年度山陽小野田市営　山陽ミッドナイト　８／１６～,0,midnight
20230818,06,2023081606,令和５年度山陽小野田市営　山陽ミッドナイト　８／１６～,0,midnight
20230819,02,2023081902,令和５年度川口市営　普通開催　８／１９～,0,day
20230820,02,2023081902,令和５年度川口市営　普通開催　８／１９～,0,day
20230821,02,2023081902,令和５年度川口市営　普通開催　８／１９～,0,day
20230822,02,2023081902,令和５年度川口市営　普通開催　８／１９～,0,day
20230819,03,2023081903,令和５年度伊勢崎市営　普通開催　８／１９～　,0,day
20230820,03,2023081903,令和５年度伊勢崎市営　普通開催　８／１９～　,0,day
20230821,03,2023081903,令和５年度伊勢崎市営　普通開催　８／１９～　,0,day
20230822,03,2023082203,令和５年度伊勢崎市営　伊勢崎アフター５　８／２２～,0,after5
20230823,03,2023082203,令和５年度伊勢崎市営　伊勢崎アフター５　８／２２～,0,after5
20230824,03,2023082203,令和５年度伊勢崎市営　伊勢崎アフター５　８／２２～,0,after5
20230825,05,2023082505,ＧⅠダイヤモンドレース,2,day
20230826,05,2023082505,ＧⅠダイヤモンドレース,2,day
20230827,05,2023082505,ＧⅠダイヤモンドレース,2,day
20230828,05,2023082505,ＧⅠダイヤモンドレース,2,day
20230829,05,2023082505,ＧⅠダイヤモンドレース,2,day
20230826,04,2023082604,令和５年度浜松市営　浜松アーリーレース　８／２６～,0,early
20230827,04,2023082604,令和５年度浜松市営　浜松アーリーレース　８／２６～,0,early
20230828,04,2023082604,令和５年度浜松市営　浜松アーリーレース　８／２６～,0,early
20230829,04,2023082604,令和５年度浜松市営　浜松アーリーレース　８／２６～,0,early
20230830,03,2023083003,令和５年度伊勢崎市営　普通開催　８／３０～,0,day
20230831,03,2023083003,令和５年度伊勢崎市営　普通開催　８／３０～,0,day
20230901,03,2023083003,令和５年度伊勢崎市営　普通開催　８／３０～,0,day
20230902,03,2023083003,令和５年度伊勢崎市営　普通開催　８／３０～,0,day
20230901,05,2023090105,令和５年度飯塚市営　普通開催　９／１～,0,day
20230902,05,2023090105,令和５年度飯塚市営　普通開催　９／１～,0,day
20230903,05,2023090105,令和５年度飯塚市営　普通開催　９／１～,0,day
20230903,02,2023090302,令和５年度川口市営　普通開催　９／３～,0,day
20230904,02,2023090302,令和５年度川口市営　普通開催　９／３～,0,day
20230905,02,2023090302,令和５年度川口市営　普通開催　９／３～,0,day
20230904,05,2023090405,令和５年度飯塚市営　飯塚ミッドナイト　９／４～,0,midnight
20230905,05,2023090405,令和５年度飯塚市営　飯塚ミッドナイト　９／４～,0,midnight
20230906,05,2023090405,令和５年度飯塚市営　飯塚ミッドナイト　９／４～,0,midnight
20230906,03,2023090603,ＧⅠムーンライトチャンピオンカップ,2,day
20230907,03,2023090603,ＧⅠムーンライトチャンピオンカップ,2,day
20230908,03,2023090603,ＧⅠムーンライトチャンピオンカップ,2,day
20230909,03,2023090603,ＧⅠムーンライトチャンピオンカップ,2,day
20230910,03,2023090603,ＧⅠムーンライトチャンピオンカップ,2,day
20230907,04,2023090704,令和５年度浜松市営　浜松アーリーレース　９／７～,0,early
20230908,04,2023090704,令和５年度浜松市営　浜松アーリーレース　９／７～,0,early
20230909,04,2023090704,令和５年度浜松市営　浜松アーリーレース　９／７～,0,early
20230910,04,2023090704,令和５年度浜松市営　浜松アーリーレース　９／７～,0,early
20230911,05,2023091105,令和５年度飯塚市営　普通開催　９／１１～,0,day
20230912,05,2023091105,令和５年度飯塚市営　普通開催　９／１１～,0,day
20230913,05,2023091105,令和５年度飯塚市営　普通開催　９／１１～,0,day
20230912,02,2023091202,令和５年度川口市営　川口ナイトレース　９／１２～,0,night
20230913,02,2023091202,令和５年度川口市営　川口ナイトレース　９／１２～,0,night
20230914,02,2023091202,令和５年度川口市営　川口ナイトレース　９／１２～,0,night
20230914,04,2023091404,特別ＧⅠ共同通信社杯プレミアムカップ,5,day
20230915,04,2023091404,特別ＧⅠ共同通信社杯プレミアムカップ,5,day
20230916,04,2023091404,特別ＧⅠ共同通信社杯プレミアムカップ,5,day
20230917,04,2023091404,特別ＧⅠ共同通信社杯プレミアムカップ,5,day
20230918,04,2023091404,特別ＧⅠ共同通信社杯プレミアムカップ,5,day
20230915,05,2023091505,令和５年度飯塚市営　飯塚ミッドナイト　９／１５～,0,midnight
20230916,05,2023091505,令和５年度飯塚市営　飯塚ミッドナイト　９／１５～,0,midnight
20230917,05,2023091505,令和５年度飯塚市営　飯塚ミッドナイト　９／１５～,0,midnight
20230918,05,2023091505,令和５年度飯塚市営　飯塚ミッドナイト　９／１５～,0,midnight
20230919,03,2023091903,令和５年度伊勢崎市営　普通開催　９／１９～,0,day
20230920,03,2023091903,令和５年度伊勢崎市営　普通開催　９／１９～,0,day
20230921,03,2023091903,令和５年度伊勢崎市営　普通開催　９／１９～,0,day
20230921,05,2023092105,令和５年度飯塚市営　飯塚ミッドナイト　９／２１～,0,midnight
20230922,05,2023092105,令和５年度飯塚市営　飯塚ミッドナイト　９／２１～,0,midnight
20230923,05,2023092105,令和５年度飯塚市営　飯塚ミッドナイト　９／２１～,0,midnight
20230922,02,2023092202,令和５年度川口市営　普通開催　９／２２～,0,day
20230923,02,2023092202,令和５年度川口市営　普通開催　９／２２～,0,day
20230924,02,2023092202,令和５年度川口市営　普通開催　９／２２～,0,day
20230925,02,2023092202,令和５年度川口市営　普通開催　９／２２～,0,day
20230923,04,2023092304,令和５年度浜松市営　普通開催　９／２３～,0,day
20230924,04,2023092304,令和５年度浜松市営　普通開催　９／２３～,0,day
20230925,04,2023092304,令和５年度浜松市営　普通開催　９／２３～,0,day
20230926,05,2023092605,令和５年度飯塚市営　普通開催　９／２６～,0,day
20230927,05,2023092605,令和５年度飯塚市営　普通開催　９／２６～,0,day
20230928,05,2023092605,令和５年度飯塚市営　普通開催　９／２６～,0,day
20230929,05,2023092605,令和５年度飯塚市営　普通開催　９／２６～,0,day
20230927,03,2023092703,令和５年度伊勢崎市営　伊勢崎アフター５　９／２７～,0,after5
20230928,03,2023092703,令和５年度伊勢崎市営　伊勢崎アフター５　９／２７～,0,after5
20230929,03,2023092703,令和５年度伊勢崎市営　伊勢崎アフター５　９／２７～,0,after5
20230930,02,2023093002,令和５年度川口市営　普通開催　９／３０～,0,day
20231001,02,2023093002,令和５年度川口市営　普通開催　９／３０～,0,day
20231002,02,2023093002,令和５年度川口市営　普通開催　９／３０～,0,day
20231003,02,2023093002,令和５年度川口市営　普通開催　９／３０～,0,day
20231004,02,2023093002,令和５年度川口市営　普通開催　９／３０～,0,day
20230930,03,2023093003,令和５年度伊勢崎市営　普通開催　９／３０～,0,day
20231001,03,2023093003,令和５年度伊勢崎市営　普通開催　９／３０～,0,day
20231002,03,2023093003,令和５年度伊勢崎市営　普通開催　９／３０～,0,day
20231003,05,2023100305,令和５年度飯塚市営　飯塚ミッドナイト　１０／３～,0,midnight
20231004,05,2023100305,令和５年度飯塚市営　飯塚ミッドナイト　１０／３～,0,midnight
20231005,05,2023100305,令和５年度飯塚市営　飯塚ミッドナイト　１０／３～,0,midnight
20231005,04,2023100504,ＧⅡ浜松記念曳馬野賞,3,day
20231006,04,2023100504,ＧⅡ浜松記念曳馬野賞,3,day
20231007,04,2023100504,ＧⅡ浜松記念曳馬野賞,3,day
20231008,04,2023100504,ＧⅡ浜松記念曳馬野賞,3,day
20231009,04,2023100504,ＧⅡ浜松記念曳馬野賞,3,day
20231006,05,2023100605,令和５年度飯塚市営　飯塚ミッドナイト　１０／６～,0,midnight
20231007,05,2023100605,令和５年度飯塚市営　飯塚ミッドナイト　１０／６～,0,midnight
20231008,05,2023100605,令和５年度飯塚市営　飯塚ミッドナイト　１０／６～,0,midnight
20231010,02,2023101002,令和５年度川口市営　普通開催　１０／１０～,0,day
20231011,02,2023101002,令和５年度川口市営　普通開催　１０／１０～,0,day
20231012,02,2023101002,令和５年度川口市営　普通開催　１０／１０～,0,day
20231013,02,2023101002,令和５年度川口市営　普通開催　１０／１０～,0,day
20231011,03,2023101103,令和５年度伊勢崎市営　伊勢崎アフター５　１０／１１～,0,after5
20231012,03,2023101103,令和５年度伊勢崎市営　伊勢崎アフター５　１０／１１～,0,after5
20231013,03,2023101103,令和５年度伊勢崎市営　伊勢崎アフター５　１０／１１～,0,after5
20231014,05,2023101405,ＧⅡオートレースメモリアル,3,day
20231015,05,2023101405,ＧⅡオートレースメモリアル,3,day
20231016,05,2023101405,ＧⅡオートレースメモリアル,3,day
20231017,05,2023101405,ＧⅡオートレースメモリアル,3,day
20231018,05,2023101405,ＧⅡオートレースメモリアル,3,day
20231015,02,2023101502,令和５年度川口市営　川口ナイトレース　１０／１５～,0,night
20231016,02,2023101502,令和５年度川口市営　川口ナイトレース　１０／１５～,0,night
20231017,02,2023101502,令和５年度川口市営　川口ナイトレース　１０／１５～,0,night
20231018,02,2023101502,令和５年度川口市営　川口ナイトレース　１０／１５～,0,night
20231019,03,2023101903,令和５年度伊勢崎市営　普通開催　１０／１９～,0,day
20231020,03,2023101903,令和５年度伊勢崎市営　普通開催　１０／１９～,0,day
20231021,03,2023101903,令和５年度伊勢崎市営　普通開催　１０／１９～,0,day
20231022,03,2023101903,令和５年度伊勢崎市営　普通開催　１０／１９～,0,day
20231020,05,2023102005,令和５年度飯塚市営　普通開催　１０／２０～,0,day
20231021,05,2023102005,令和５年度飯塚市営　普通開催　１０／２０～,0,day
20231022,05,2023102005,令和５年度飯塚市営　普通開催　１０／２０～,0,day
20231023,04,2023102304,令和５年度浜松市営　普通開催　１０／２３～,0,day
20231024,04,2023102304,令和５年度浜松市営　普通開催　１０／２３～,0,day
20231025,04,2023102304,令和５年度浜松市営　普通開催　１０／２３～,0,day
20231023,05,2023102305,令和５年度飯塚市営　飯塚ミッドナイト　１０／２３～,0,midnight
20231024,05,2023102305,令和５年度飯塚市営　飯塚ミッドナイト　１０／２３～,0,midnight
20231025,05,2023102305,令和５年度飯塚市営　飯塚ミッドナイト　１０／２３～,0,midnight
20231026,03,2023102603,令和５年度伊勢崎市営　普通開催　１０／２６～,0,day
20231027,03,2023102603,令和５年度伊勢崎市営　普通開催　１０／２６～,0,day
20231028,03,2023102603,令和５年度伊勢崎市営　普通開催　１０／２６～,0,day
20231029,03,2023102603,令和５年度伊勢崎市営　普通開催　１０／２６～,0,day
20231027,05,2023102705,令和５年度飯塚市営　普通開催　１０／２７～,0,day
20231028,05,2023102705,令和５年度飯塚市営　普通開催　１０／２７～,0,day
20231029,05,2023102705,令和５年度飯塚市営　普通開催　１０／２７～,0,day
20231030,05,2023103005,令和５年度飯塚市営　飯塚ミッドナイト　１０／３０～,0,midnight
20231031,05,2023103005,令和５年度飯塚市営　飯塚ミッドナイト　１０／３０～,0,midnight
20231101,05,2023103005,令和５年度飯塚市営　飯塚ミッドナイト　１０／３０～,0,midnight
20231031,04,2023103104,ＳＧ日本選手権オートレース,1,day
20231101,04,2023103104,ＳＧ日本選手権オートレース,1,day
20231102,04,2023103104,ＳＧ日本選手権オートレース,1,day
20231103,04,2023103104,ＳＧ日本選手権オートレース,1,day
20231104,04,2023103104,ＳＧ日本選手権オートレース,1,day
20231105,04,2023103104,ＳＧ日本選手権オートレース,1,day
20231102,03,2023110203,令和５年度伊勢崎市営　伊勢崎アフター５　１１／２～,0,after5
20231103,03,2023110203,令和５年度伊勢崎市営　伊勢崎アフター５　１１／２～,0,after5
20231104,03,2023110203,令和５年度伊勢崎市営　伊勢崎アフター５　１１／２～,0,after5
20231105,05,2023110505,令和５年度飯塚市営　飯塚ミッドナイト　１１／５～,0,midnight
20231106,05,2023110505,令和５年度飯塚市営　飯塚ミッドナイト　１１／５～,0,midnight
20231107,05,2023110505,令和５年度飯塚市営　飯塚ミッドナイト　１１／５～,0,midnight
20231108,05,2023110505,令和５年度飯塚市営　飯塚ミッドナイト　１１／５～,0,midnight
20231109,05,2023110505,令和５年度飯塚市営　飯塚ミッドナイト　１１／５～,0,midnight
20231106,02,2023110602,令和５年度川口市営　普通開催　１１／６～,0,day
20231107,02,2023110602,令和５年度川口市営　普通開催　１１／６～,0,day
20231108,02,2023110602,令和５年度川口市営　普通開催　１１／６～,0,day
20231109,04,2023110904,令和５年度浜松市営　普通開催　１１／９～,0,day
20231110,04,2023110904,令和５年度浜松市営　普通開催　１１／９～,0,day
20231111,04,2023110904,令和５年度浜松市営　普通開催　１１／９～,0,day
20231112,04,2023110904,令和５年度浜松市営　普通開催　１１／９～,0,day
20231110,03,2023111003,令和５年度伊勢崎市営　普通開催　１１／１０～,0,day
20231111,03,2023111003,令和５年度伊勢崎市営　普通開催　１１／１０～,0,day
20231112,03,2023111003,令和５年度伊勢崎市営　普通開催　１１／１０～,0,day
20231113,05,2023111305,令和５年度飯塚市営　普通開催　１１／１３～,0,day
20231114,05,2023111305,令和５年度飯塚市営　普通開催　１１／１３～,0,day
20231115,05,2023111305,令和５年度飯塚市営　普通開催　１１／１３～,0,day
20231116,05,2023111305,令和５年度飯塚市営　普通開催　１１／１３～,0,day
20231114,02,2023111402,令和５年度川口市営　川口ナイトレース　１１／１４～,0,night
20231115,02,2023111402,令和５年度川口市営　川口ナイトレース　１１／１４～,0,night
20231116,02,2023111402,令和５年度川口市営　川口ナイトレース　１１／１４～,0,night
20231117,03,2023111703,令和５年度伊勢崎市営　普通開催　１１／１７～,0,day
20231118,03,2023111703,令和５年度伊勢崎市営　普通開催　１１／１７～,0,day
20231119,03,2023111703,令和５年度伊勢崎市営　普通開催　１１／１７～,0,day
20231117,05,2023111705,令和５年度飯塚市営　飯塚ミッドナイト　１１／１７～,0,midnight
20231118,05,2023111705,令和５年度飯塚市営　飯塚ミッドナイト　１１／１７～,0,midnight
20231119,05,2023111705,令和５年度飯塚市営　飯塚ミッドナイト　１１／１７～,0,midnight
20231118,02,2023111802,令和５年度川口市営　普通開催　１１／１８～,0,day
20231119,02,2023111802,令和５年度川口市営　普通開催　１１／１８～,0,day
20231120,02,2023111802,令和５年度川口市営　普通開催　１１／１８～,0,day
20231121,02,2023111802,令和５年度川口市営　普通開催　１１／１８～,0,day
20231120,03,2023112003,令和５年度伊勢崎市営　伊勢崎アフター５　１１／２０～,0,after5
20231121,03,2023112003,令和５年度伊勢崎市営　伊勢崎アフター５　１１／２０～,0,after5
20231122,03,2023112003,令和５年度伊勢崎市営　伊勢崎アフター５　１１／２０～,0,after5
20231122,05,2023112205,ＧⅠ開設記念レース,2,day
20231123,05,2023112205,ＧⅠ開設記念レース,2,day
20231124,05,2023112205,ＧⅠ開設記念レース,2,day
20231125,05,2023112205,ＧⅠ開設記念レース,2,day
20231126,05,2023112205,ＧⅠ開設記念レース,2,day
20231123,02,2023112302,令和５年度川口市営　川口ナイトレース　１１／２３～,0,night
20231124,02,2023112302,令和５年度川口市営　川口ナイトレース　１１／２３～,0,night
20231125,02,2023112302,令和５年度川口市営　川口ナイトレース　１１／２３～,0,night
20231126,02,2023112302,令和５年度川口市営　川口ナイトレース　１１／２３～,0,night
20231127,03,2023112703,令和５年度伊勢崎市営　伊勢崎アフター５　１１／２７～,0,after5
20231128,03,2023112703,令和５年度伊勢崎市営　伊勢崎アフター５　１１／２７～,0,after5
20231129,03,2023112703,令和５年度伊勢崎市営　伊勢崎アフター５　１１／２７～,0,after5
20231130,03,2023112703,令和５年度伊勢崎市営　伊勢崎アフター５　１１／２７～,0,after5
20231128,04,2023112804,令和５年度浜松市営　普通開催　１１／２８～,0,day
20231129,04,2023112804,令和５年度浜松市営　普通開催　１１／２８～,0,day
20231130,04,2023112804,令和５年度浜松市営　普通開催　１１／２８～,0,day
20231201,06,2023120106,令和５年度山陽小野田市営　普通開催　１２／１～,0,day
20231202,06,2023120106,令和５年度山陽小野田市営　普通開催　１２／１～,0,day
20231203,06,2023120106,令和５年度山陽小野田市営　普通開催　１２／１～,0,day
20231202,04,2023120204,令和５年度浜松市営　普通開催　１２／２～,0,day
20231203,04,2023120204,令和５年度浜松市営　普通開催　１２／２～,0,day
20231204,04,2023120204,令和５年度浜松市営　普通開催　１２／２～,0,day
20231205,04,2023120204,令和５年度浜松市営　普通開催　１２／２～,0,day
20231204,06,2023120406,令和５年度山陽小野田市営　山陽ミッドナイト　１２／４～,0,midnight
20231205,06,2023120406,令和５年度山陽小野田市営　山陽ミッドナイト　１２／４～,0,midnight
20231206,06,2023120406,令和５年度山陽小野田市営　山陽ミッドナイト　１２／４～,0,midnight
20231206,03,2023120603,ＧⅡレジェンドカップ,3,day
20231207,03,2023120603,ＧⅡレジェンドカップ,3,day
20231208,03,2023120603,ＧⅡレジェンドカップ,3,day
20231209,03,2023120603,ＧⅡレジェンドカップ,3,day
20231210,03,2023120603,ＧⅡレジェンドカップ,3,day
20231207,05,2023120705,令和５年度飯塚市営　飯塚ミッドナイト　１２／７～,0,midnight
20231208,05,2023120705,令和５年度飯塚市営　飯塚ミッドナイト　１２／７～,0,midnight
20231209,05,2023120705,令和５年度飯塚市営　飯塚ミッドナイト　１２／７～,0,midnight
20231210,06,2023121006,令和５年度浜松市営　山陽ミッドナイト　１２／１０～,0,midnight
20231211,06,2023121006,令和５年度浜松市営　山陽ミッドナイト　１２／１０～,0,midnight
20231212,06,2023121006,令和５年度浜松市営　山陽ミッドナイト　１２／１０～,0,midnight
20231213,06,2023121006,令和５年度浜松市営　山陽ミッドナイト　１２／１０～,0,midnight
20231211,02,2023121102,令和５年度川口市営　普通開催　１２／１１～,0,day
20231212,02,2023121102,令和５年度川口市営　普通開催　１２／１１～,0,day
20231213,02,2023121102,令和５年度川口市営　普通開催　１２／１１～,0,day
20231214,02,2023121102,令和５年度川口市営　普通開催　１２／１１～,0,day
20231215,02,2023121102,令和５年度川口市営　普通開催　１２／１１～,0,day
20231214,05,2023121405,令和５年度飯塚市営　飯塚ミッドナイト　１２／１４～,0,midnight
20231215,05,2023121405,令和５年度飯塚市営　飯塚ミッドナイト　１２／１４～,0,midnight
20231216,05,2023121405,令和５年度飯塚市営　飯塚ミッドナイト　１２／１４～,0,midnight
20231216,06,2023121606,ＧⅠスピード王決定戦,2,day
20231217,06,2023121606,ＧⅠスピード王決定戦,2,day
20231218,06,2023121606,ＧⅠスピード王決定戦,2,day
20231219,06,2023121606,ＧⅠスピード王決定戦,2,day
20231220,06,2023121606,ＧⅠスピード王決定戦,2,day
20231217,03,2023121703,令和５年度伊勢崎市営　伊勢崎アフター５　１２／１７～,0,after5
20231218,03,2023121703,令和５年度伊勢崎市営　伊勢崎アフター５　１２／１７～,0,after5
20231219,03,2023121703,令和５年度伊勢崎市営　伊勢崎アフター５　１２／１７～,0,after5
20231220,03,2023121703,令和５年度伊勢崎市営　伊勢崎アフター５　１２／１７～,0,after5
20231221,03,2023121703,令和５年度伊勢崎市営　伊勢崎アフター５　１２／１７～,0,after5
20231222,05,2023122205,令和５年度飯塚市営　普通開催　１２／２２～,0,day
20231223,05,2023122205,令和５年度飯塚市営　普通開催　１２／２２～,0,day
20231224,05,2023122205,令和５年度飯塚市営　普通開催　１２／２２～,0,day
20231222,06,2023122206,令和５年度山陽小野田市営　山陽ミッドナイト　１２／２２～,0,midnight
20231223,06,2023122206,令和５年度山陽小野田市営　山陽ミッドナイト　１２／２２～,0,midnight
20231224,06,2023122206,令和５年度山陽小野田市営　山陽ミッドナイト　１２／２２～,0,midnight
20231225,06,2023122206,令和５年度山陽小野田市営　山陽ミッドナイト　１２／２２～,0,midnight
20231226,06,2023122206,令和５年度山陽小野田市営　山陽ミッドナイト　１２／２２～,0,midnight
20231223,03,2023122303,令和５年度伊勢崎市営　普通開催　１２／２３～,0,day
20231224,03,2023122303,令和５年度伊勢崎市営　普通開催　１２／２３～,0,day
20231225,03,2023122303,令和５年度伊勢崎市営　普通開催　１２／２３～,0,day
20231227,02,2023122702,スーパースターフェスタ,1,day
20231228,02,2023122702,スーパースターフェスタ,1,day
20231229,02,2023122702,スーパースターフェスタ,1,day
20231230,02,2023122702,スーパースターフェスタ,1,day
20231231,02,2023122702,スーパースターフェスタ,1,day
20231227,05,2023122705,令和５年度飯塚市営　飯塚ミッドナイト　１２／２７～,0,midnight
20231228,05,2023122705,令和５年度飯塚市営　飯塚ミッドナイト　１２／２７～,0,midnight
20231229,05,2023122705,令和５年度飯塚市営　飯塚ミッドナイト　１２／２７～,0,midnight
20231230,05,2023122705,令和５年度飯塚市営　飯塚ミッドナイト　１２／２７～,0,midnight
20231231,05,2023122705,令和５年度飯塚市営　飯塚ミッドナイト　１２／２７～,0,midnight
20240101,04,2024010104,令和５年度浜松市営　普通開催　１／１～,0,day
20240102,04,2024010104,令和５年度浜松市営　普通開催　１／１～,0,day
20240103,04,2024010104,令和５年度浜松市営　普通開催　１／１～,0,day
20240104,04,2024010104,令和５年度浜松市営　普通開催　１／１～,0,day
20240101,06,2024010106,令和５年度山陽小野田市営　山陽ミッドナイト　１／１～,0,midnight
20240102,06,2024010106,令和５年度山陽小野田市営　山陽ミッドナイト　１／１～,0,midnight
20240103,06,2024010106,令和５年度山陽小野田市営　山陽ミッドナイト　１／１～,0,midnight
20240104,06,2024010106,令和５年度山陽小野田市営　山陽ミッドナイト　１／１～,0,midnight
20240105,06,2024010106,令和５年度山陽小野田市営　山陽ミッドナイト　１／１～,0,midnight
20240102,02,2024010202,令和５年度川口市営　普通開催　１／２～,0,day
20240103,02,2024010202,令和５年度川口市営　普通開催　１／２～,0,day
20240104,02,2024010202,令和５年度川口市営　普通開催　１／２～,0,day
20240105,02,2024010202,令和５年度川口市営　普通開催　１／２～,0,day
20240106,03,2024010603,ＧⅠ開場記念シルクカップ,2,day
20240107,03,2024010603,ＧⅠ開場記念シルクカップ,2,day
20240108,03,2024010603,ＧⅠ開場記念シルクカップ,2,day
20240109,03,2024010603,ＧⅠ開場記念シルクカップ,2,day
20240110,03,2024010603,ＧⅠ開場記念シルクカップ,2,day
20240106,05,2024010605,令和５年度飯塚市営　飯塚ミッドナイト　１／６～,0,midnight
20240107,05,2024010605,令和５年度飯塚市営　飯塚ミッドナイト　１／６～,0,midnight
20240108,05,2024010605,令和５年度飯塚市営　飯塚ミッドナイト　１／６～,0,midnight
20240109,05,2024010605,令和５年度飯塚市営　飯塚ミッドナイト　１／６～,0,midnight
20240110,06,2024011006,令和５年度山陽小野田市営　山陽ミッドナイト　１／１０～,0,midnight
20240111,06,2024011006,令和５年度山陽小野田市営　山陽ミッドナイト　１／１０～,0,midnight
20240112,06,2024011006,令和５年度山陽小野田市営　山陽ミッドナイト　１／１０～,0,midnight
20240113,06,2024011006,令和５年度山陽小野田市営　山陽ミッドナイト　１／１０～,0,midnight
20240114,06,2024011006,令和５年度山陽小野田市営　山陽ミッドナイト　１／１０～,0,midnight
20240112,02,2024011202,令和５年度川口市営　普通開催　１／１２～,0,day
20240113,02,2024011202,令和５年度川口市営　普通開催　１／１２～,0,day
20240114,02,2024011202,令和５年度川口市営　普通開催　１／１２～,0,day
20240113,05,2024011305,令和５年度飯塚市営　普通開催　１／１３～,0,day
20240114,05,2024011305,令和５年度飯塚市営　普通開催　１／１３～,0,day
20240115,05,2024011305,令和５年度飯塚市営　普通開催　１／１３～,0,day
20240115,04,2024011504,令和５年度浜松市営　普通開催　１／１５～,0,day
20240116,04,2024011504,令和５年度浜松市営　普通開催　１／１５～,0,day
20240117,04,2024011504,令和５年度浜松市営　普通開催　１／１５～,0,day
20240116,05,2024011605,令和５年度飯塚市営　飯塚ミッドナイト　１／１６～,0,midnight
20240117,05,2024011605,令和５年度飯塚市営　飯塚ミッドナイト　１／１６～,0,midnight
20240118,05,2024011605,令和５年度飯塚市営　飯塚ミッドナイト　１／１６～,0,midnight
20240117,06,2024011706,令和５年度山陽小野田市営　普通開催　１／１７～,0,day
20240118,06,2024011706,令和５年度山陽小野田市営　普通開催　１／１７～,0,day
20240119,06,2024011706,令和５年度山陽小野田市営　普通開催　１／１７～,0,day
20240120,04,2024012004,ＧⅠスピード王決定戦,2,day
20240121,04,2024012004,ＧⅠスピード王決定戦,2,day
20240122,04,2024012004,ＧⅠスピード王決定戦,2,day
20240123,04,2024012004,ＧⅠスピード王決定戦,2,day
20240124,04,2024012004,ＧⅠスピード王決定戦,2,day
20240120,06,2024012006,令和５年度山陽小野田市営　山陽ミッドナイト　１／２０～,0,midnight
20240121,06,2024012006,令和５年度山陽小野田市営　山陽ミッドナイト　１／２０～,0,midnight
20240122,06,2024012006,令和５年度山陽小野田市営　山陽ミッドナイト　１／２０～,0,midnight
20240123,05,2024012305,令和５年度飯塚市営　飯塚ミッドナイト　１／２３～,0,midnight
20240124,05,2024012305,令和５年度飯塚市営　飯塚ミッドナイト　１／２３～,0,midnight
20240125,05,2024012305,令和５年度飯塚市営　飯塚ミッドナイト　１／２３～,0,midnight
20240125,03,2024012503,令和５年度伊勢崎市営　普通開催　１／２５～,0,day
20240126,03,2024012503,令和５年度伊勢崎市営　普通開催　１／２５～,0,day
20240127,03,2024012503,令和５年度伊勢崎市営　普通開催　１／２５～,0,day
20240128,03,2024012503,令和５年度伊勢崎市営　普通開催　１／２５～,0,day
20240126,06,2024012606,令和５年度山陽小野田市営　普通開催　１／２６～,0,day
20240127,06,2024012606,令和５年度山陽小野田市営　普通開催　１／２６～,0,day
20240128,06,2024012606,令和５年度山陽小野田市営　普通開催　１／２６～,0,day
20240129,02,2024012902,令和５年度川口市営　川口ナイトレース　１／２９～,0,night
20240130,02,2024012902,令和５年度川口市営　川口ナイトレース　１／２９～,0,night
20240131,02,2024012902,令和５年度川口市営　川口ナイトレース　１／２９～,0,night
20240201,02,2024012902,令和５年度川口市営　川口ナイトレース　１／２９～,0,night
20240129,05,2024012905,令和５年度飯塚市営　普通開催　１／２９～,0,day
20240130,05,2024012905,令和５年度飯塚市営　普通開催　１／２９～,0,day
20240131,05,2024012905,令和５年度飯塚市営　普通開催　１／２９～,0,day
20240202,03,2024020203,令和５年度伊勢崎市営　普通開催　２／２～,0,day
20240203,03,2024020203,令和５年度伊勢崎市営　普通開催　２／２～,0,day
20240204,03,2024020203,令和５年度伊勢崎市営　普通開催　２／２～,0,day
20240202,06,2024020206,令和５年度山陽小野田市営　普通開催　２／２～,0,day
20240203,06,2024020206,令和５年度山陽小野田市営　普通開催　２／２～,0,day
20240204,06,2024020206,令和５年度山陽小野田市営　普通開催　２／２～,0,day
20240205,02,2024020502,令和５年度川口市営　普通開催　２／５～,0,day
20240206,02,2024020502,令和５年度川口市営　普通開催　２／５～,0,day
20240207,02,2024020502,令和５年度川口市営　普通開催　２／５～,0,day
20240208,06,2024020806,ＧⅡ若獅子杯争奪戦,3,day
20240209,06,2024020806,ＧⅡ若獅子杯争奪戦,3,day
20240210,06,2024020806,ＧⅡ若獅子杯争奪戦,3,day
20240211,06,2024020806,ＧⅡ若獅子杯争奪戦,3,day
20240212,06,2024020806,ＧⅡ若獅子杯争奪戦,3,day
20240210,05,2024021005,令和５年度飯塚市営　飯塚ミッドナイト　２／１０～,0,midnight
20240211,05,2024021005,令和５年度飯塚市営　飯塚ミッドナイト　２／１０～,0,midnight
20240212,05,2024021005,令和５年度飯塚市営　飯塚ミッドナイト　２／１０～,0,midnight
20240213,05,2024021005,令和５年度飯塚市営　飯塚ミッドナイト　２／１０～,0,midnight
20240213,03,2024021303,令和５年度伊勢崎市営　普通開催　２／１３～,0,day
20240214,03,2024021303,令和５年度伊勢崎市営　普通開催　２／１３～,0,day
20240215,03,2024021303,令和５年度伊勢崎市営　普通開催　２／１３～,0,day
20240215,06,2024021506,令和５年度山陽小野田市営　山陽ミッドナイト　２／１５～,0,midnight
20240216,06,2024021506,令和５年度山陽小野田市営　山陽ミッドナイト　２／１５～,0,midnight
20240217,06,2024021506,令和５年度山陽小野田市営　山陽ミッドナイト　２／１５～,0,midnight
20240218,06,2024021506,令和５年度山陽小野田市営　山陽ミッドナイト　２／１５～,0,midnight
20240219,06,2024021506,令和５年度山陽小野田市営　山陽ミッドナイト　２／１５～,0,midnight
20240216,04,2024021604,令和５年度浜松市営　普通開催　２／１６～,0,day
20240217,04,2024021604,令和５年度浜松市営　普通開催　２／１６～,0,day
20240218,04,2024021604,令和５年度浜松市営　普通開催　２／１６～,0,day
20240217,05,2024021705,令和５年度飯塚市営　普通開催　２／１７～,0,day
20240218,05,2024021705,令和５年度飯塚市営　普通開催　２／１７～,0,day
20240219,05,2024021705,令和５年度飯塚市営　普通開催　２／１７～,0,day
20240220,02,2024022002,ＳＧ全日本選抜オートレース,1,day
20240221,02,2024022002,ＳＧ全日本選抜オートレース,1,day
20240222,02,2024022002,ＳＧ全日本選抜オートレース,1,day
20240223,02,2024022002,ＳＧ全日本選抜オートレース,1,day
20240224,02,2024022002,ＳＧ全日本選抜オートレース,1,day
20240225,02,2024022002,ＳＧ全日本選抜オートレース,1,day
20240220,05,2024022005,令和５年度飯塚市営　飯塚ミッドナイト　２／２０～,0,midnight
20240221,05,2024022005,令和５年度飯塚市営　飯塚ミッドナイト　２／２０～,0,midnight
20240222,05,2024022005,令和５年度飯塚市営　飯塚ミッドナイト　２／２０～,0,midnight
20240223,06,2024022306,令和５年度山陽小野田市営　山陽ミッドナイト　２／２３～,0,midnight
20240224,06,2024022306,令和５年度山陽小野田市営　山陽ミッドナイト　２／２３～,0,midnight
20240225,06,2024022306,令和５年度山陽小野田市営　山陽ミッドナイト　２／２３～,0,midnight
20240226,03,2024022603,令和５年度伊勢崎市営　普通開催　２／２６～,0,day
20240227,03,2024022603,令和５年度伊勢崎市営　普通開催　２／２６～,0,day
20240228,03,2024022603,令和５年度伊勢崎市営　普通開催　２／２６～,0,day
20240228,06,2024022806,ＧⅡミッドナイトチャンピオンカップ,3,midnight
20240229,06,2024022806,ＧⅡミッドナイトチャンピオンカップ,3,midnight
20240301,06,2024022806,ＧⅡミッドナイトチャンピオンカップ,3,midnight
20240302,06,2024022806,ＧⅡミッドナイトチャンピオンカップ,3,midnight
20240303,06,2024022806,ＧⅡミッドナイトチャンピオンカップ,3,midnight
20240229,02,2024022902,令和５年度川口市営　普通開催　２／２９～,0,day
20240301,02,2024022902,令和５年度川口市営　普通開催　２／２９～,0,day
20240302,02,2024022902,令和５年度川口市営　普通開催　２／２９～,0,day
20240303,04,2024030304,令和５年度浜松市営　普通開催　３／３～,0,day
20240304,04,2024030304,令和５年度浜松市営　普通開催　３／３～,0,day
20240305,04,2024030304,令和５年度浜松市営　普通開催　３／３～,0,day
20240304,05,2024030405,令和５年度飯塚市営　飯塚ミッドナイト　３／４～,0,midnight
20240305,05,2024030405,令和５年度飯塚市営　飯塚ミッドナイト　３／４～,0,midnight
20240306,05,2024030405,令和５年度飯塚市営　飯塚ミッドナイト　３／４～,0,midnight
20240306,02,2024030602,ＧⅠ開設記念グランプリレース,2,day
20240307,02,2024030602,ＧⅠ開設記念グランプリレース,2,day
20240308,02,2024030602,ＧⅠ開設記念グランプリレース,2,day
20240309,02,2024030602,ＧⅠ開設記念グランプリレース,2,day
20240310,02,2024030602,ＧⅠ開設記念グランプリレース,2,day
20240307,06,2024030706,令和５年度浜松市営　山陽ミッドナイト　３／７～,0,midnight
20240308,06,2024030706,令和５年度浜松市営　山陽ミッドナイト　３／７～,0,midnight
20240309,06,2024030706,令和５年度浜松市営　山陽ミッドナイト　３／７～,0,midnight
20240310,06,2024030706,令和５年度浜松市営　山陽ミッドナイト　３／７～,0,midnight
20240311,03,2024031103,令和５年度伊勢崎市営　普通開催　３／１１～,0,day
20240312,03,2024031103,令和５年度伊勢崎市営　普通開催　３／１１～,0,day
20240313,03,2024031103,令和５年度伊勢崎市営　普通開催　３／１１～,0,day
20240311,05,2024031105,令和５年度飯塚市営　飯塚ミッドナイト　３／１１～,0,midnight
20240312,05,2024031105,令和５年度飯塚市営　飯塚ミッドナイト　３／１１～,0,midnight
20240313,05,2024031105,令和５年度飯塚市営　飯塚ミッドナイト　３／１１～,0,midnight
20240314,04,2024031404,令和５年度浜松市営　普通開催　３／１４～,0,day
20240315,04,2024031404,令和５年度浜松市営　普通開催　３／１４～,0,day
20240316,04,2024031404,令和５年度浜松市営　普通開催　３／１４～,0,day
20240314,06,2024031406,令和５年度山陽小野田市営　山陽ミッドナイト　３／１４～,0,midnight
20240315,06,2024031406,令和５年度山陽小野田市営　山陽ミッドナイト　３／１４～,0,midnight
20240316,06,2024031406,令和５年度山陽小野田市営　山陽ミッドナイト　３／１４～,0,midnight
20240317,02,2024031702,令和５年度川口市営　普通開催　３／１７～,0,day
20240318,02,2024031702,令和５年度川口市営　普通開催　３／１７～,0,day
20240319,02,2024031702,令和５年度川口市営　普通開催　３／１７～,0,day
20240320,05,2024032005,令和５年度飯塚市営　飯塚ミッドナイト　３／２０～,0,midnight
20240321,05,2024032005,令和５年度飯塚市営　飯塚ミッドナイト　３／２０～,0,midnight
20240322,05,2024032005,令和５年度飯塚市営　飯塚ミッドナイト　３／２０～,0,midnight
20240323,05,2024032005,令和５年度飯塚市営　飯塚ミッドナイト　３／２０～,0,midnight
20240320,06,2024032006,特別ＧⅠ共同通信社杯プレミアムカップ,5,day
20240321,06,2024032006,特別ＧⅠ共同通信社杯プレミアムカップ,5,day
20240322,06,2024032006,特別ＧⅠ共同通信社杯プレミアムカップ,5,day
20240323,06,2024032006,特別ＧⅠ共同通信社杯プレミアムカップ,5,day
20240324,06,2024032006,特別ＧⅠ共同通信社杯プレミアムカップ,5,day
20240324,03,2024032403,令和５年度伊勢崎市営　伊勢崎アフター５　３／２４～,0,after5
20240325,03,2024032403,令和５年度伊勢崎市営　伊勢崎アフター５　３／２４～,0,after5
20240326,03,2024032403,令和５年度伊勢崎市営　伊勢崎アフター５　３／２４～,0,after5
20240325,04,2024032504,令和５年度浜松市営　普通開催　３／２５～,0,day
20240326,04,2024032504,令和５年度浜松市営　普通開催　３／２５～,0,day
20240327,04,2024032504,令和５年度浜松市営　普通開催　３／２５～,0,day
20240328,04,2024032504,令和５年度浜松市営　普通開催　３／２５～,0,day
20240327,06,2024032706,令和５年度山陽小野田市営　山陽ミッドナイト　３／２７～,0,midnight
20240328,06,2024032706,令和５年度山陽小野田市営　山陽ミッドナイト　３／２７～,0,midnight
20240329,06,2024032706,令和５年度山陽小野田市営　山陽ミッドナイト　３／２７～,0,midnight
20240330,06,2024032706,令和５年度山陽小野田市営　山陽ミッドナイト　３／２７～,0,midnight
20240329,05,2024032905,令和５年度飯塚市営　普通開催　３／２９～,0,day
20240330,05,2024032905,令和５年度飯塚市営　普通開催　３／２９～,0,day
20240331,05,2024032905,令和５年度飯塚市営　普通開催　３／２９～,0,day
20240401,04,2024040104,令和６年度浜松市営　普通開催　４／１～,0,day
20240402,04,2024040104,令和６年度浜松市営　普通開催　４／１～,0,day
20240403,04,2024040104,令和６年度浜松市営　普通開催　４／１～,0,day
20240401,06,2024040106,令和６年度山陽小野田市営　山陽ミッドナイト　４／１～,0,midnight
20240402,06,2024040106,令和６年度山陽小野田市営　山陽ミッドナイト　４／１～,0,midnight
20240403,06,2024040106,令和６年度山陽小野田市営　山陽ミッドナイト　４／１～,0,midnight
20240404,03,2024040403,令和６年度伊勢崎市営　普通開催　４／４～,0,day
20240405,03,2024040403,令和６年度伊勢崎市営　普通開催　４／４～,0,day
20240406,03,2024040403,令和６年度伊勢崎市営　普通開催　４／４～,0,day
20240405,02,2024040502,令和６年度川口市営　普通開催　４／５～,0,day
20240406,02,2024040502,令和６年度川口市営　普通開催　４／５～,0,day
20240407,02,2024040502,令和６年度川口市営　普通開催　４／５～,0,day
20240408,02,2024040502,令和６年度川口市営　普通開催　４／５～,0,day
20240409,02,2024040502,令和６年度川口市営　普通開催　４／５～,0,day
20240407,05,2024040705,令和６年度飯塚市営　普通開催　４／７～,0,day
20240408,05,2024040705,令和６年度飯塚市営　普通開催　４／７～,0,day
20240409,05,2024040705,令和６年度飯塚市営　普通開催　４／７～,0,day
20240410,05,2024041005,令和６年度飯塚市営　飯塚ミッドナイト　４／１０～,0,midnight
20240411,05,2024041005,令和６年度飯塚市営　飯塚ミッドナイト　４／１０～,0,midnight
20240412,05,2024041005,令和６年度飯塚市営　飯塚ミッドナイト　４／１０～,0,midnight
20240410,06,2024041006,ＧⅠ令和グランドチャンピオンカップ,2,day
20240411,06,2024041006,ＧⅠ令和グランドチャンピオンカップ,2,day
20240412,06,2024041006,ＧⅠ令和グランドチャンピオンカップ,2,day
20240413,06,2024041006,ＧⅠ令和グランドチャンピオンカップ,2,day
20240414,06,2024041006,ＧⅠ令和グランドチャンピオンカップ,2,day
20240413,02,2024041302,令和６年度川口市営　川口ナイトレース　４／１３～,0,night
20240414,02,2024041302,令和６年度川口市営　川口ナイトレース　４／１３～,0,night
20240415,02,2024041302,令和６年度川口市営　川口ナイトレース　４／１３～,0,night
20240416,02,2024041302,令和６年度川口市営　川口ナイトレース　４／１３～,0,night
20240415,04,2024041504,令和６年度浜松市営　普通開催　４／１５～,0,day
20240416,04,2024041504,令和６年度浜松市営　普通開催　４／１５～,0,day
20240417,04,2024041504,令和６年度浜松市営　普通開催　４／１５～,0,day
20240418,04,2024041504,令和６年度浜松市営　普通開催　４／１５～,0,day
20240417,05,2024041705,令和６年度飯塚市営　普通開催　４／１７～,0,day
20240418,05,2024041705,令和６年度飯塚市営　普通開催　４／１７～,0,day
20240419,05,2024041705,令和６年度飯塚市営　普通開催　４／１７～,0,day
20240420,05,2024041705,令和６年度飯塚市営　普通開催　４／１７～,0,day
20240419,02,2024041902,令和６年度川口市営　普通開催　４／１９～,0,day
20240420,02,2024041902,令和６年度川口市営　普通開催　４／１９～,0,day
20240421,02,2024041902,令和６年度川口市営　普通開催　４／１９～,0,day
20240422,02,2024041902,令和６年度川口市営　普通開催　４／１９～,0,day
20240421,03,2024042103,令和６年度伊勢崎市営　普通開催　４／２１～,0,day
20240422,03,2024042103,令和６年度伊勢崎市営　普通開催　４／２１～,0,day
20240423,03,2024042103,令和６年度伊勢崎市営　普通開催　４／２１～,0,day
20240422,06,2024042206,令和６年度山陽小野田市営　山陽ミッドナイト　４／２２～,0,midnight
20240423,06,2024042206,令和６年度山陽小野田市営　山陽ミッドナイト　４／２２～,0,midnight
20240424,06,2024042206,令和６年度山陽小野田市営　山陽ミッドナイト　４／２２～,0,midnight
20240424,05,2024042405,ＳＧオールスター・オートレース,1,day
20240425,05,2024042405,ＳＧオールスター・オートレース,1,day
20240426,05,2024042405,ＳＧオールスター・オートレース,1,day
20240427,05,2024042405,ＳＧオールスター・オートレース,1,day
20240428,05,2024042405,ＳＧオールスター・オートレース,1,day
20240429,05,2024042405,ＳＧオールスター・オートレース,1,day
20240426,04,2024042604,令和６年度浜松市営　浜松アーリーレース　４／２６～,0,early
20240427,04,2024042604,令和６年度浜松市営　浜松アーリーレース　４／２６～,0,early
20240428,04,2024042604,令和６年度浜松市営　浜松アーリーレース　４／２６～,0,early
20240429,04,2024042604,令和６年度浜松市営　浜松アーリーレース　４／２６～,0,early
20240430,03,2024043003,令和６年度伊勢崎市営　伊勢崎アフター５　４／３０～,0,after5
20240501,03,2024043003,令和６年度伊勢崎市営　伊勢崎アフター５　４／３０～,0,after5
20240502,03,2024043003,令和６年度伊勢崎市営　伊勢崎アフター５　４／３０～,0,after5
20240430,06,2024043006,令和６年度山陽小野田市営　普通開催　４／３０～,0,day
20240501,06,2024043006,令和６年度山陽小野田市営　普通開催　４／３０～,0,day
20240502,06,2024043006,令和６年度山陽小野田市営　普通開催　４／３０～,0,day
20240503,02,2024050302,令和６年度川口市営　普通開催　５／３～,0,day
20240504,02,2024050302,令和６年度川口市営　普通開催　５／３～,0,day
20240505,02,2024050302,令和６年度川口市営　普通開催　５／３～,0,day
20240506,02,2024050302,令和６年度川口市営　普通開催　５／３～,0,day
20240507,02,2024050302,令和６年度川口市営　普通開催　５／３～,0,day
20240503,03,2024050303,令和６年度伊勢崎市営　普通開催　５／３～,0,day
20240504,03,2024050303,令和６年度伊勢崎市営　普通開催　５／３～,0,day
20240505,03,2024050303,令和６年度伊勢崎市営　普通開催　５／３～,0,day
20240506,03,2024050303,令和６年度伊勢崎市営　普通開催　５／３～,0,day
20240503,06,2024050306,令和６年度山陽小野田市営　山陽ミッドナイト　５／３～,0,midnight
20240504,06,2024050306,令和６年度山陽小野田市営　山陽ミッドナイト　５／３～,0,midnight
20240505,06,2024050306,令和６年度山陽小野田市営　山陽ミッドナイト　５／３～,0,midnight
20240507,05,2024050705,令和６年度飯塚市営　飯塚ミッドナイト　５／７～,0,midnight
20240508,05,2024050705,令和６年度飯塚市営　飯塚ミッドナイト　５／７～,0,midnight
20240509,05,2024050705,令和６年度飯塚市営　飯塚ミッドナイト　５／７～,0,midnight
20240508,04,2024050804,ＧⅠ開場記念ゴールデンレース,2,day
20240509,04,2024050804,ＧⅠ開場記念ゴールデンレース,2,day
20240510,04,2024050804,ＧⅠ開場記念ゴールデンレース,2,day
20240511,04,2024050804,ＧⅠ開場記念ゴールデンレース,2,day
20240512,04,2024050804,ＧⅠ開場記念ゴールデンレース,2,day
20240510,03,2024051003,令和６年度伊勢崎市営　伊勢崎アフター５　５／１０～,0,after5
20240511,03,2024051003,令和６年度伊勢崎市営　伊勢崎アフター５　５／１０～,0,after5
20240512,03,2024051003,令和６年度伊勢崎市営　伊勢崎アフター５　５／１０～,0,after5
20240513,03,2024051003,令和６年度伊勢崎市営　伊勢崎アフター５　５／１０～,0,after5
20240513,06,2024051306,令和６年度山陽小野田市営　普通開催　５／１３～,0,day
20240514,06,2024051306,令和６年度山陽小野田市営　普通開催　５／１３～,0,day
20240515,06,2024051306,令和６年度山陽小野田市営　普通開催　５／１３～,0,day
20240514,02,2024051402,令和６年度川口市営　普通開催　５／１４～,0,day
20240515,02,2024051402,令和６年度川口市営　普通開催　５／１４～,0,day
20240516,02,2024051402,令和６年度川口市営　普通開催　５／１４～,0,day
20240517,02,2024051402,令和６年度川口市営　普通開催　５／１４～,0,day
20240518,02,2024051402,令和６年度川口市営　普通開催　５／１４～,0,day
20240516,04,2024051604,令和６年度浜松市営　普通開催　５／１６～,0,day
20240517,04,2024051604,令和６年度浜松市営　普通開催　５／１６～,0,day
20240518,04,2024051604,令和６年度浜松市営　普通開催　５／１６～,0,day
20240519,04,2024051604,令和６年度浜松市営　普通開催　５／１６～,0,day
20240520,04,2024051604,令和６年度浜松市営　普通開催　５／１６～,0,day
20240516,06,2024051606,令和６年度山陽小野田市営　山陽ミッドナイト　５／１６～,0,midnight
20240517,06,2024051606,令和６年度山陽小野田市営　山陽ミッドナイト　５／１６～,0,midnight
20240518,06,2024051606,令和６年度山陽小野田市営　山陽ミッドナイト　５／１６～,0,midnight
20240519,05,2024051905,令和６年度飯塚市営　普通開催　５／１９～,0,day
20240520,05,2024051905,令和６年度飯塚市営　普通開催　５／１９～,0,day
20240521,05,2024051905,令和６年度飯塚市営　普通開催　５／１９～,0,day
20240522,02,2024052202,ＧⅡ川口記念,3,day
20240523,02,2024052202,ＧⅡ川口記念,3,day
20240524,02,2024052202,ＧⅡ川口記念,3,day
20240525,02,2024052202,ＧⅡ川口記念,3,day
20240526,02,2024052202,ＧⅡ川口記念,3,day
20240522,05,2024052205,令和６年度飯塚市営　飯塚ミッドナイト　５／２２～,0,midnight
20240523,05,2024052205,令和６年度飯塚市営　飯塚ミッドナイト　５／２２～,0,midnight
20240524,05,2024052205,令和６年度飯塚市営　飯塚ミッドナイト　５／２２～,0,midnight
20240523,04,2024052304,令和６年度浜松市営　浜松アーリーレース　５／２３～,0,early
20240524,04,2024052304,令和６年度浜松市営　浜松アーリーレース　５／２３～,0,early
20240525,04,2024052304,令和６年度浜松市営　浜松アーリーレース　５／２３～,0,early
20240526,04,2024052304,令和６年度浜松市営　浜松アーリーレース　５／２３～,0,early
20240527,03,2024052703,令和６年度伊勢崎市営　普通開催　５／２７～,0,day
20240528,03,2024052703,令和６年度伊勢崎市営　普通開催　５／２７～,0,day
20240529,03,2024052703,令和６年度伊勢崎市営　普通開催　５／２７～,0,day
20240527,05,2024052705,令和６年度飯塚市営　普通開催　５／２７～,0,day
20240528,05,2024052705,令和６年度飯塚市営　普通開催　５／２７～,0,day
20240529,05,2024052705,令和６年度飯塚市営　普通開催　５／２７～,0,day
20240530,05,2024052705,令和６年度飯塚市営　普通開催　５／２７～,0,day
20240531,02,2024053102,令和６年度川口市営　普通開催　５／３１～,0,day
20240601,02,2024053102,令和６年度川口市営　普通開催　５／３１～,0,day
20240602,02,2024053102,令和６年度川口市営　普通開催　５／３１～,0,day
20240603,02,2024053102,令和６年度川口市営　普通開催　５／３１～,0,day
20240604,02,2024053102,令和６年度川口市営　普通開催　５／３１～,0,day
20240531,04,2024053104,令和６年度浜松市営　普通開催　５／３１～,0,day
20240601,04,2024053104,令和６年度浜松市営　普通開催　５／３１～,0,day
20240602,04,2024053104,令和６年度浜松市営　普通開催　５／３１～,0,day
20240603,04,2024053104,令和６年度浜松市営　普通開催　５／３１～,0,day
20240531,05,2024053105,令和６年度飯塚市営　飯塚ミッドナイト　５／３１～,0,midnight
20240601,05,2024053105,令和６年度飯塚市営　飯塚ミッドナイト　５／３１～,0,midnight
20240602,05,2024053105,令和６年度飯塚市営　飯塚ミッドナイト　５／３１～,0,midnight
20240605,03,2024060503,ＧⅡ稲妻賞,3,day
20240606,03,2024060503,ＧⅡ稲妻賞,3,day
20240607,03,2024060503,ＧⅡ稲妻賞,3,day
20240608,03,2024060503,ＧⅡ稲妻賞,3,day
20240609,03,2024060503,ＧⅡ稲妻賞,3,day
20240605,05,2024060505,令和６年度飯塚市営　飯塚ミッドナイト　６／５～,0,midnight
20240606,05,2024060505,令和６年度飯塚市営　飯塚ミッドナイト　６／５～,0,midnight
20240607,05,2024060505,令和６年度飯塚市営　飯塚ミッドナイト　６／５～,0,midnight
20240606,04,2024060604,令和６年度浜松市営　浜松アーリーレース　６／６～,0,early
20240607,04,2024060604,令和６年度浜松市営　浜松アーリーレース　６／６～,0,early
20240608,04,2024060604,令和６年度浜松市営　浜松アーリーレース　６／６～,0,early
20240609,04,2024060604,令和６年度浜松市営　浜松アーリーレース　６／６～,0,early
20240610,05,2024061005,令和６年度飯塚市営　普通開催　６／１０～,0,day
20240611,05,2024061005,令和６年度飯塚市営　普通開催　６／１０～,0,day
20240612,05,2024061005,令和６年度飯塚市営　普通開催　６／１０～,0,day
20240610,06,2024061006,令和６年度山陽小野田市営　山陽ミッドナイト　６／１０～,0,midnight
20240611,06,2024061006,令和６年度山陽小野田市営　山陽ミッドナイト　６／１０～,0,midnight
20240612,06,2024061006,令和６年度山陽小野田市営　山陽ミッドナイト　６／１０～,0,midnight
20240613,02,2024061302,令和６年度川口市営　普通開催　６／１３～,0,day
20240614,02,2024061302,令和６年度川口市営　普通開催　６／１３～,0,day
20240615,02,2024061302,令和６年度川口市営　普通開催　６／１３～,0,day
20240616,02,2024061302,令和６年度川口市営　普通開催　６／１３～,0,day
20240613,04,2024061304,令和６年度浜松市営　浜松アーリーレース　６／１３～,0,early
20240614,04,2024061304,令和６年度浜松市営　浜松アーリーレース　６／１３～,0,early
20240615,04,2024061304,令和６年度浜松市営　浜松アーリーレース　６／１３～,0,early
20240616,05,2024061605,令和６年度飯塚市営　普通開催　６／１６～,0,day
20240617,05,2024061605,令和６年度飯塚市営　普通開催　６／１６～,0,day
20240618,05,2024061605,令和６年度飯塚市営　普通開催　６／１６～,0,day
20240617,02,2024061702,令和６年度川口市営　川口ナイトレース　６／１７～,0,night
20240618,02,2024061702,令和６年度川口市営　川口ナイトレース　６／１７～,0,night
20240619,02,2024061702,令和６年度川口市営　川口ナイトレース　６／１７～,0,night
20240619,04,2024061904,ＧⅡ浜松記念曳馬野賞,3,day
20240620,04,2024061904,ＧⅡ浜松記念曳馬野賞,3,day
20240621,04,2024061904,ＧⅡ浜松記念曳馬野賞,3,day
20240622,04,2024061904,ＧⅡ浜松記念曳馬野賞,3,day
20240623,04,2024061904,ＧⅡ浜松記念曳馬野賞,3,day
20240620,05,2024062005,令和６年度飯塚市営　飯塚ミッドナイト　６／２０～,0,midnight
20240621,05,2024062005,令和６年度飯塚市営　飯塚ミッドナイト　６／２０～,0,midnight
20240622,05,2024062005,令和６年度飯塚市営　飯塚ミッドナイト　６／２０～,0,midnight
20240623,06,2024062306,令和６年度山陽小野田市営　山陽ミッドナイト　６／２３～,0,midnight
20240624,06,2024062306,令和６年度山陽小野田市営　山陽ミッドナイト　６／２３～,0,midnight
20240625,06,2024062306,令和６年度山陽小野田市営　山陽ミッドナイト　６／２３～,0,midnight
20240626,06,2024062306,令和６年度山陽小野田市営　山陽ミッドナイト　６／２３～,0,midnight
20240624,02,2024062402,令和６年度川口市営　普通開催　６／２４～,0,day
20240625,02,2024062402,令和６年度川口市営　普通開催　６／２４～,0,day
20240626,02,2024062402,令和６年度川口市営　普通開催　６／２４～,0,day
20240627,03,2024062703,令和６年度伊勢崎市営　普通開催　６／２７～,0,day
20240628,03,2024062703,令和６年度伊勢崎市営　普通開催　６／２７～,0,day
20240629,03,2024062703,令和６年度伊勢崎市営　普通開催　６／２７～,0,day
20240630,03,2024062703,令和６年度伊勢崎市営　普通開催　６／２７～,0,day
20240627,05,2024062705,令和６年度飯塚市営　普通開催　６／２７～　,0,day
20240628,05,2024062705,令和６年度飯塚市営　普通開催　６／２７～　,0,day
20240629,05,2024062705,令和６年度飯塚市営　普通開催　６／２７～　,0,day
20240630,02,2024063002,令和６年度川口市営　普通開催　６／３０～,0,day
20240701,02,2024063002,令和６年度川口市営　普通開催　６／３０～,0,day
20240702,02,2024063002,令和６年度川口市営　普通開催　６／３０～,0,day
20240703,02,2024063002,令和６年度川口市営　普通開催　６／３０～,0,day
20240701,05,2024070105,ＧⅡミッドナイトチャンピオンカップ,3,midnight
20240702,05,2024070105,ＧⅡミッドナイトチャンピオンカップ,3,midnight
20240703,05,2024070105,ＧⅡミッドナイトチャンピオンカップ,3,midnight
20240704,05,2024070105,ＧⅡミッドナイトチャンピオンカップ,3,midnight
20240705,05,2024070105,ＧⅡミッドナイトチャンピオンカップ,3,midnight
20240704,04,2024070404,令和６年度浜松市営　普通開催　７／４～,0,day
20240705,04,2024070404,令和６年度浜松市営　普通開催　７／４～,0,day
20240706,04,2024070404,令和６年度浜松市営　普通開催　７／４～,0,day
20240707,04,2024070404,令和６年度浜松市営　普通開催　７／４～,0,day
20240706,03,2024070603,令和６年度伊勢崎市営　普通開催　７／６～,0,day
20240707,03,2024070603,令和６年度伊勢崎市営　普通開催　７／６～,0,day
20240708,03,2024070603,令和６年度伊勢崎市営　普通開催　７／６～,0,day
20240709,03,2024070603,令和６年度伊勢崎市営　普通開催　７／６～,0,day
20240710,03,2024070603,令和６年度伊勢崎市営　普通開催　７／６～,0,day
20240706,06,2024070606,令和６年度山陽小野田市営　山陽ミッドナイト　７／６～,0,midnight
20240707,06,2024070606,令和６年度山陽小野田市営　山陽ミッドナイト　７／６～,0,midnight
20240708,06,2024070606,令和６年度山陽小野田市営　山陽ミッドナイト　７／６～,0,midnight
20240708,05,2024070805,令和６年度飯塚市営　普通開催　７／８～,0,day
20240709,05,2024070805,令和６年度飯塚市営　普通開催　７／８～,0,day
20240710,05,2024070805,令和６年度飯塚市営　普通開催　７／８～,0,day
20240711,02,2024071102,ＧⅠキューポラ杯,2,day
20240712,02,2024071102,ＧⅠキューポラ杯,2,day
20240713,02,2024071102,ＧⅠキューポラ杯,2,day
20240714,02,2024071102,ＧⅠキューポラ杯,2,day
20240715,02,2024071102,ＧⅠキューポラ杯,2,day
20240711,05,2024071105,令和６年度飯塚市営　飯塚ミッドナイト　７／１１～,0,midnight
20240712,05,2024071105,令和６年度飯塚市営　飯塚ミッドナイト　７／１１～,0,midnight
20240713,05,2024071105,令和６年度飯塚市営　飯塚ミッドナイト　７／１１～,0,midnight
20240712,04,2024071204,令和６年度浜松市営　浜松アーリーレース　７／１２～,0,early
20240713,04,2024071204,令和６年度浜松市営　浜松アーリーレース　７／１２～,0,early
20240714,04,2024071204,令和６年度浜松市営　浜松アーリーレース　７／１２～,0,early
20240715,04,2024071204,令和６年度浜松市営　浜松アーリーレース　７／１２～,0,early
20240716,05,2024071605,令和６年度飯塚市営　普通開催　７／１６～,0,day
20240717,05,2024071605,令和６年度飯塚市営　普通開催　７／１６～,0,day
20240718,05,2024071605,令和６年度飯塚市営　普通開催　７／１６～,0,day
20240719,05,2024071605,令和６年度飯塚市営　普通開催　７／１６～,0,day
20240716,06,2024071606,令和６年度浜松市営　山陽ミッドナイト　７／１６～,0,midnight
20240717,06,2024071606,令和６年度浜松市営　山陽ミッドナイト　７／１６～,0,midnight
20240718,06,2024071606,令和６年度浜松市営　山陽ミッドナイト　７／１６～,0,midnight
20240719,06,2024071606,令和６年度浜松市営　山陽ミッドナイト　７／１６～,0,midnight
20240720,02,2024072002,令和６年度川口市営　普通開催　７／２０～,0,day
20240721,02,2024072002,令和６年度川口市営　普通開催　７／２０～,0,day
20240722,02,2024072002,令和６年度川口市営　普通開催　７／２０～,0,day
20240723,02,2024072002,令和６年度川口市営　普通開催　７／２０～,0,day
20240720,03,2024072003,令和６年度伊勢崎市営　普通開催　７／２０～,0,day
20240721,03,2024072003,令和６年度伊勢崎市営　普通開催　７／２０～,0,day
20240722,03,2024072003,令和６年度伊勢崎市営　普通開催　７／２０～,0,day
20240720,05,2024072005,令和６年度飯塚市営　飯塚ミッドナイト　７／２０～,0,midnight
20240721,05,2024072005,令和６年度飯塚市営　飯塚ミッドナイト　７／２０～,0,midnight
20240722,05,2024072005,令和６年度飯塚市営　飯塚ミッドナイト　７／２０～,0,midnight
20240723,03,2024072303,令和６年度伊勢崎市営　伊勢崎アフター５　７／２３～,0,after5
20240724,03,2024072303,令和６年度伊勢崎市営　伊勢崎アフター５　７／２３～,0,after5
20240725,03,2024072303,令和６年度伊勢崎市営　伊勢崎アフター５　７／２３～,0,after5
20240724,06,2024072406,ＧⅡ小林啓二杯,3,day
20240725,06,2024072406,ＧⅡ小林啓二杯,3,day
20240726,06,2024072406,ＧⅡ小林啓二杯,3,day
20240727,06,2024072406,ＧⅡ小林啓二杯,3,day
20240728,06,2024072406,ＧⅡ小林啓二杯,3,day
20240726,05,2024072605,令和６年度飯塚市営　飯塚ミッドナイト　７／２６～,0,midnight
20240727,05,2024072605,令和６年度飯塚市営　飯塚ミッドナイト　７／２６～,0,midnight
20240728,05,2024072605,令和６年度飯塚市営　飯塚ミッドナイト　７／２６～,0,midnight
20240729,02,2024072902,令和６年度川口市営　普通開催　７／２９～,0,day
20240730,02,2024072902,令和６年度川口市営　普通開催　７／２９～,0,day
20240731,02,2024072902,令和６年度川口市営　普通開催　７／２９～,0,day
20240801,05,2024080105,令和６年度飯塚市営　普通開催　８／１～,0,day
20240802,05,2024080105,令和６年度飯塚市営　普通開催　８／１～,0,day
20240803,05,2024080105,令和６年度飯塚市営　普通開催　８／１～,0,day
20240804,05,2024080105,令和６年度飯塚市営　普通開催　８／１～,0,day
20240805,05,2024080105,令和６年度飯塚市営　普通開催　８／１～,0,day
20240801,06,2024080106,令和６年度山陽小野田市営　普通開催　８／１～,0,day
20240802,06,2024080106,令和６年度山陽小野田市営　普通開催　８／１～,0,day
20240803,06,2024080106,令和６年度山陽小野田市営　普通開催　８／１～,0,day
20240804,06,2024080106,令和６年度山陽小野田市営　普通開催　８／１～,0,day
20240805,02,2024080502,令和６年度川口市営　普通開催　８／５～,0,day
20240806,02,2024080502,令和６年度川口市営　普通開催　８／５～,0,day
20240807,02,2024080502,令和６年度川口市営　普通開催　８／５～,0,day
20240808,02,2024080502,令和６年度川口市営　普通開催　８／５～,0,day
20240806,06,2024080606,令和６年度山陽小野田市営　山陽ミッドナイト　８／６～,0,midnight
20240807,06,2024080606,令和６年度山陽小野田市営　山陽ミッドナイト　８／６～,0,midnight
20240808,06,2024080606,令和６年度山陽小野田市営　山陽ミッドナイト　８／６～,0,midnight
20240809,06,2024080606,令和６年度山陽小野田市営　山陽ミッドナイト　８／６～,0,midnight
20240810,03,2024081003,ＳＧオートレースグランプリ,1,day
20240811,03,2024081003,ＳＧオートレースグランプリ,1,day
20240812,03,2024081003,ＳＧオートレースグランプリ,1,day
20240813,03,2024081003,ＳＧオートレースグランプリ,1,day
20240814,03,2024081003,ＳＧオートレースグランプリ,1,day
20240815,03,2024081003,ＳＧオートレースグランプリ,1,day
20240810,05,2024081005,令和６年度飯塚市営　飯塚ミッドナイト　８／１０～,0,midnight
20240811,05,2024081005,令和６年度飯塚市営　飯塚ミッドナイト　８／１０～,0,midnight
20240812,05,2024081005,令和６年度飯塚市営　飯塚ミッドナイト　８／１０～,0,midnight
20240813,05,2024081005,令和６年度飯塚市営　飯塚ミッドナイト　８／１０～,0,midnight
20240816,05,2024081605,令和６年度飯塚市営　普通開催　８／１６～,0,day
20240817,05,2024081605,令和６年度飯塚市営　普通開催　８／１６～,0,day
20240818,05,2024081605,令和６年度飯塚市営　普通開催　８／１６～,0,day
20240819,05,2024081605,令和６年度飯塚市営　普通開催　８／１６～,0,day
20240816,06,2024081606,令和６年度山陽小野田市営　山陽ミッドナイト　８／１６～,0,midnight
20240817,06,2024081606,令和６年度山陽小野田市営　山陽ミッドナイト　８／１６～,0,midnight
20240818,06,2024081606,令和６年度山陽小野田市営　山陽ミッドナイト　８／１６～,0,midnight
20240819,03,2024081903,令和６年度伊勢崎市営　伊勢崎アフター５　８／１９～,0,after5
20240820,03,2024081903,令和６年度伊勢崎市営　伊勢崎アフター５　８／１９～,0,after5
20240821,03,2024081903,令和６年度伊勢崎市営　伊勢崎アフター５　８／１９～,0,after5
20240822,03,2024081903,令和６年度伊勢崎市営　伊勢崎アフター５　８／１９～,0,after5
20240819,06,2024081906,令和６年度山陽小野田市営　山陽ミッドナイト　８／１９～,0,midnight
20240820,06,2024081906,令和６年度山陽小野田市営　山陽ミッドナイト　８／１９～,0,midnight
20240821,06,2024081906,令和６年度山陽小野田市営　山陽ミッドナイト　８／１９～,0,midnight
20240823,05,2024082305,ＧⅠダイヤモンドレース,2,day
20240824,05,2024082305,ＧⅠダイヤモンドレース,2,day
20240825,05,2024082305,ＧⅠダイヤモンドレース,2,day
20240826,05,2024082305,ＧⅠダイヤモンドレース,2,day
20240827,05,2024082305,ＧⅠダイヤモンドレース,2,day
20240825,06,2024082506,令和６年度山陽小野田市営　山陽ミッドナイト　８／２５～,0,midnight
20240826,06,2024082506,令和６年度山陽小野田市営　山陽ミッドナイト　８／２５～,0,midnight
20240827,06,2024082506,令和６年度山陽小野田市営　山陽ミッドナイト　８／２５～,0,midnight
20240828,03,2024082803,令和６年度伊勢崎市営　普通開催　８／２８～,0,day
20240829,03,2024082803,令和６年度伊勢崎市営　普通開催　８／２８～,0,day
20240830,03,2024082803,令和６年度伊勢崎市営　普通開催　８／２８～,0,day
20240831,03,2024082803,令和６年度伊勢崎市営　普通開催　８／２８～,0,day
20240831,05,2024083105,令和６年度飯塚市営　普通開催　８／３１～,0,day
20240901,05,2024083105,令和６年度飯塚市営　普通開催　８／３１～,0,day
20240902,05,2024083105,令和６年度飯塚市営　普通開催　８／３１～,0,day
20240903,05,2024083105,令和６年度飯塚市営　普通開催　８／３１～,0,day
20240901,06,2024090106,令和６年度山陽小野田市営　山陽ミッドナイト　９／１～,0,midnight
20240902,06,2024090106,令和６年度山陽小野田市営　山陽ミッドナイト　９／１～,0,midnight
20240903,06,2024090106,令和６年度山陽小野田市営　山陽ミッドナイト　９／１～,0,midnight
20240904,03,2024090403,ＧⅠムーンライトチャンピオンカップ,2,day
20240905,03,2024090403,ＧⅠムーンライトチャンピオンカップ,2,day
20240906,03,2024090403,ＧⅠムーンライトチャンピオンカップ,2,day
20240907,03,2024090403,ＧⅠムーンライトチャンピオンカップ,2,day
20240908,03,2024090403,ＧⅠムーンライトチャンピオンカップ,2,day
20240906,06,2024090606,令和６年度山陽小野田市営　山陽ミッドナイト　９／６～,0,midnight
20240907,06,2024090606,令和６年度山陽小野田市営　山陽ミッドナイト　９／６～,0,midnight
20240908,06,2024090606,令和６年度山陽小野田市営　山陽ミッドナイト　９／６～,0,midnight
20240909,06,2024090606,令和６年度山陽小野田市営　山陽ミッドナイト　９／６～,0,midnight
20240909,02,2024090902,令和６年度川口市営　普通開催　９／９～,0,day
20240910,02,2024090902,令和６年度川口市営　普通開催　９／９～,0,day
20240911,02,2024090902,令和６年度川口市営　普通開催　９／９～,0,day
20240912,02,2024090902,令和６年度川口市営　普通開催　９／９～,0,day
20240910,05,2024091005,令和６年度飯塚市営　普通開催　９／１０～,0,day
20240911,05,2024091005,令和６年度飯塚市営　普通開催　９／１０～,0,day
20240912,05,2024091005,令和６年度飯塚市営　普通開催　９／１０～,0,day
20240913,05,2024091005,令和６年度飯塚市営　普通開催　９／１０～,0,day
20240914,05,2024091005,令和６年度飯塚市営　普通開催　９／１０～,0,day
20240913,03,2024091303,令和６年度伊勢崎市営　普通開催　９／１３～,0,day
20240914,03,2024091303,令和６年度伊勢崎市営　普通開催　９／１３～,0,day
20240915,03,2024091303,令和６年度伊勢崎市営　普通開催　９／１３～,0,day
20240916,03,2024091303,令和６年度伊勢崎市営　普通開催　９／１３～,0,day
20240915,02,2024091502,令和６年度川口市営　普通開催　９／１５～,0,day
20240916,02,2024091502,令和６年度川口市営　普通開催　９／１５～,0,day
20240917,02,2024091502,令和６年度川口市営　普通開催　９／１５～,0,day
20240918,02,2024091502,令和６年度川口市営　普通開催　９／１５～,0,day
20240917,05,2024091705,令和６年度飯塚市営　飯塚ミッドナイト　９／１７～,0,midnight
20240918,05,2024091705,令和６年度飯塚市営　飯塚ミッドナイト　９／１７～,0,midnight
20240919,05,2024091705,令和６年度飯塚市営　飯塚ミッドナイト　９／１７～,0,midnight
20240919,06,2024091906,特別ＧⅠ共同通信社杯プレミアムカップ,5,day
20240920,06,2024091906,特別ＧⅠ共同通信社杯プレミアムカップ,5,day
20240921,06,2024091906,特別ＧⅠ共同通信社杯プレミアムカップ,5,day
20240922,06,2024091906,特別ＧⅠ共同通信社杯プレミアムカップ,5,day
20240923,06,2024091906,特別ＧⅠ共同通信社杯プレミアムカップ,5,day
20240920,03,2024092003,令和６年度伊勢崎市営　伊勢崎アフター５　９／２０～,0,after5
20240921,03,2024092003,令和６年度伊勢崎市営　伊勢崎アフター５　９／２０～,0,after5
20240922,03,2024092003,令和６年度伊勢崎市営　伊勢崎アフター５　９／２０～,0,after5
20240923,03,2024092003,令和６年度伊勢崎市営　伊勢崎アフター５　９／２０～,0,after5
20240924,05,2024092405,令和６年度飯塚市営　飯塚ミッドナイト　９／２４～,0,midnight
20240925,05,2024092405,令和６年度飯塚市営　飯塚ミッドナイト　９／２４～,0,midnight
20240926,05,2024092405,令和６年度飯塚市営　飯塚ミッドナイト　９／２４～,0,midnight
20240927,02,2024092702,令和６年度川口市営　普通開催　９／２７～,0,day
20240928,02,2024092702,令和６年度川口市営　普通開催　９／２７～,0,day
20240929,02,2024092702,令和６年度川口市営　普通開催　９／２７～,0,day
20240930,02,2024092702,令和６年度川口市営　普通開催　９／２７～,0,day
20240927,03,2024092703,令和６年度伊勢崎市営　普通開催　９／２７～,0,day
20240928,03,2024092703,令和６年度伊勢崎市営　普通開催　９／２７～,0,day
20240929,03,2024092703,令和６年度伊勢崎市営　普通開催　９／２７～,0,day
20240927,06,2024092706,令和６年度山陽小野田市営　山陽ミッドナイト　９／２７～,0,midnight
20240928,06,2024092706,令和６年度山陽小野田市営　山陽ミッドナイト　９／２７～,0,midnight
20240929,06,2024092706,令和６年度山陽小野田市営　山陽ミッドナイト　９／２７～,0,midnight
20240930,06,2024092706,令和６年度山陽小野田市営　山陽ミッドナイト　９／２７～,0,midnight
20240930,03,2024093003,令和６年度伊勢崎市営　伊勢崎アフター５　９／３０～,0,after5
20241001,03,2024093003,令和６年度伊勢崎市営　伊勢崎アフター５　９／３０～,0,after5
20241002,03,2024093003,令和６年度伊勢崎市営　伊勢崎アフター５　９／３０～,0,after5
20241001,05,2024100105,令和６年度飯塚市営　普通開催　１０／１～,0,day
20241002,05,2024100105,令和６年度飯塚市営　普通開催　１０／１～,0,day
20241003,05,2024100105,令和６年度飯塚市営　普通開催　１０／１～,0,day
20241004,05,2024100105,令和６年度飯塚市営　普通開催　１０／１～,0,day
20241005,05,2024100105,令和６年度飯塚市営　普通開催　１０／１～,0,day
20241003,06,2024100306,令和６年度山陽小野田市営　普通開催　１０／３～,0,day
20241004,06,2024100306,令和６年度山陽小野田市営　普通開催　１０／３～,0,day
20241005,06,2024100306,令和６年度山陽小野田市営　普通開催　１０／３～,0,day
20241006,02,2024100602,令和６年度川口市営　普通開催　１０／６～,0,day
20241007,02,2024100602,令和６年度川口市営　普通開催　１０／６～,0,day
20241008,02,2024100602,令和６年度川口市営　普通開催　１０／６～,0,day
20241009,05,2024100905,令和６年度飯塚市営　オーバーミッドナイト　１０／９～,0,over_midnight
20241010,05,2024100905,令和６年度飯塚市営　オーバーミッドナイト　１０／９～,0,over_midnight
20241011,05,2024100905,令和６年度飯塚市営　オーバーミッドナイト　１０／９～,0,over_midnight
20241012,05,2024100905,令和６年度飯塚市営　オーバーミッドナイト　１０／９～,0,over_midnight
20241010,06,2024101006,ＧⅡ若獅子杯争奪戦,3,day
20241011,06,2024101006,ＧⅡ若獅子杯争奪戦,3,day
20241012,06,2024101006,ＧⅡ若獅子杯争奪戦,3,day
20241013,06,2024101006,ＧⅡ若獅子杯争奪戦,3,day
20241014,06,2024101006,ＧⅡ若獅子杯争奪戦,3,day
20241013,03,2024101303,令和６年度伊勢崎市営　伊勢崎アフター５　１０／１３～,0,after5
20241014,03,2024101303,令和６年度伊勢崎市営　伊勢崎アフター５　１０／１３～,0,after5
20241015,03,2024101303,令和６年度伊勢崎市営　伊勢崎アフター５　１０／１３～,0,after5
20241016,03,2024101303,令和６年度伊勢崎市営　伊勢崎アフター５　１０／１３～,0,after5
20241015,02,2024101502,令和６年度川口市営　普通開催　１０／１５～,0,day
20241016,02,2024101502,令和６年度川口市営　普通開催　１０／１５～,0,day
20241017,02,2024101502,令和６年度川口市営　普通開催　１０／１５～,0,day
20241017,06,2024101706,令和６年度浜松市営　山陽ミッドナイト　１０／１７～,0,midnight
20241018,06,2024101706,令和６年度浜松市営　山陽ミッドナイト　１０／１７～,0,midnight
20241019,06,2024101706,令和６年度浜松市営　山陽ミッドナイト　１０／１７～,0,midnight
20241020,06,2024101706,令和６年度浜松市営　山陽ミッドナイト　１０／１７～,0,midnight
20241018,05,2024101805,ＧⅡオーバルチャンピオンカップ,3,day
20241019,05,2024101805,ＧⅡオーバルチャンピオンカップ,3,day
20241020,05,2024101805,ＧⅡオーバルチャンピオンカップ,3,day
20241021,05,2024101805,ＧⅡオーバルチャンピオンカップ,3,day
20241022,05,2024101805,ＧⅡオーバルチャンピオンカップ,3,day
20241021,02,2024102102,令和６年度川口市営　川口ナイトレース　１０／２１～,0,night
20241022,02,2024102102,令和６年度川口市営　川口ナイトレース　１０／２１～,0,night
20241023,02,2024102102,令和６年度川口市営　川口ナイトレース　１０／２１～,0,night
20241024,03,2024102403,令和６年度伊勢崎市営　普通開催　１０／２４～,0,day
20241025,03,2024102403,令和６年度伊勢崎市営　普通開催　１０／２４～,0,day
20241026,03,2024102403,令和６年度伊勢崎市営　普通開催　１０／２４～,0,day
20241027,03,2024102403,令和６年度伊勢崎市営　普通開催　１０／２４～,0,day
20241028,03,2024102403,令和６年度伊勢崎市営　普通開催　１０／２４～,0,day
20241024,06,2024102406,令和６年度山陽小野田市営　オーバーミッドナイト　１０／２４～,0,over_midnight
20241025,06,2024102406,令和６年度山陽小野田市営　オーバーミッドナイト　１０／２４～,0,over_midnight
20241026,06,2024102406,令和６年度山陽小野田市営　オーバーミッドナイト　１０／２４～,0,over_midnight
20241026,05,2024102605,令和６年度飯塚市営　普通開催　１０／２６～,0,day
20241027,05,2024102605,令和６年度飯塚市営　普通開催　１０／２６～,0,day
20241028,05,2024102605,令和６年度飯塚市営　普通開催　１０／２６～,0,day
20241029,05,2024102605,令和６年度飯塚市営　普通開催　１０／２６～,0,day
20241030,02,2024103002,ＳＧ日本選手権オートレース,1,day
20241031,02,2024103002,ＳＧ日本選手権オートレース,1,day
20241101,02,2024103002,ＳＧ日本選手権オートレース,1,day
20241102,02,2024103002,ＳＧ日本選手権オートレース,1,day
20241103,02,2024103002,ＳＧ日本選手権オートレース,1,day
20241104,02,2024103002,ＳＧ日本選手権オートレース,1,day
20241030,06,2024103006,令和６年度山陽小野田市営　山陽ミッドナイト　１０／３０～,0,midnight
20241031,06,2024103006,令和６年度山陽小野田市営　山陽ミッドナイト　１０／３０～,0,midnight
20241101,06,2024103006,令和６年度山陽小野田市営　山陽ミッドナイト　１０／３０～,0,midnight
20241102,06,2024103006,令和６年度山陽小野田市営　山陽ミッドナイト　１０／３０～,0,midnight
20241103,05,2024110305,令和６年度飯塚市営　飯塚ミッドナイト　１１／３～,0,midnight
20241104,05,2024110305,令和６年度飯塚市営　飯塚ミッドナイト　１１／３～,0,midnight
20241105,05,2024110305,令和６年度飯塚市営　飯塚ミッドナイト　１１／３～,0,midnight
20241106,05,2024110305,令和６年度飯塚市営　飯塚ミッドナイト　１１／３～,0,midnight
20241106,06,2024110606,令和６年度山陽小野田市営　普通開催　１１／６～,0,day
20241107,06,2024110606,令和６年度山陽小野田市営　普通開催　１１／６～,0,day
20241108,06,2024110606,令和６年度山陽小野田市営　普通開催　１１／６～,0,day
20241109,06,2024110606,令和６年度山陽小野田市営　普通開催　１１／６～,0,day
20241110,06,2024110606,令和６年度山陽小野田市営　普通開催　１１／６～,0,day
20241107,03,2024110703,令和６年度伊勢崎市営　普通開催　１１／７～,0,day
20241108,03,2024110703,令和６年度伊勢崎市営　普通開催　１１／７～,0,day
20241109,03,2024110703,令和６年度伊勢崎市営　普通開催　１１／７～,0,day
20241110,03,2024110703,令和６年度伊勢崎市営　普通開催　１１／７～,0,day
20241111,05,2024111105,令和６年度飯塚市営　飯塚ミッドナイト　１１／１１～,0,midnight
20241112,05,2024111105,令和６年度飯塚市営　飯塚ミッドナイト　１１／１１～,0,midnight
20241113,05,2024111105,令和６年度飯塚市営　飯塚ミッドナイト　１１／１１～,0,midnight
20241113,06,2024111306,ＧⅡオートレースメモリアル,3,day
20241114,06,2024111306,ＧⅡオートレースメモリアル,3,day
20241115,06,2024111306,ＧⅡオートレースメモリアル,3,day
20241116,06,2024111306,ＧⅡオートレースメモリアル,3,day
20241117,06,2024111306,ＧⅡオートレースメモリアル,3,day
20241114,03,2024111403,令和６年度伊勢崎市営　伊勢崎アフター５　１１／１４～,0,after5
20241115,03,2024111403,令和６年度伊勢崎市営　伊勢崎アフター５　１１／１４～,0,after5
20241116,03,2024111403,令和６年度伊勢崎市営　伊勢崎アフター５　１１／１４～,0,after5
20241117,03,2024111403,令和６年度伊勢崎市営　伊勢崎アフター５　１１／１４～,0,after5
20241118,04,2024111804,令和６年度浜松市営　普通開催　１１／１８～,0,day
20241119,04,2024111804,令和６年度浜松市営　普通開催　１１／１８～,0,day
20241120,04,2024111804,令和６年度浜松市営　普通開催　１１／１８～,0,day
20241121,04,2024111804,令和６年度浜松市営　普通開催　１１／１８～,0,day
20241118,05,2024111805,令和６年度飯塚市営　飯塚ミッドナイト　１１／１８～,0,midnight
20241119,05,2024111805,令和６年度飯塚市営　飯塚ミッドナイト　１１／１８～,0,midnight
20241120,05,2024111805,令和６年度飯塚市営　飯塚ミッドナイト　１１／１８～,0,midnight
20241121,05,2024111805,令和６年度飯塚市営　飯塚ミッドナイト　１１／１８～,0,midnight
20241122,03,2024112203,令和６年度伊勢崎市営　普通開催　１１／２２～,0,day
20241123,03,2024112203,令和６年度伊勢崎市営　普通開催　１１／２２～,0,day
20241124,03,2024112203,令和６年度伊勢崎市営　普通開催　１１／２２～,0,day
20241122,06,2024112206,令和６年度山陽小野田市営　普通開催　１１／２２～,0,day
20241123,06,2024112206,令和６年度山陽小野田市営　普通開催　１１／２２～,0,day
20241124,06,2024112206,令和６年度山陽小野田市営　普通開催　１１／２２～,0,day
20241125,06,2024112206,令和６年度山陽小野田市営　普通開催　１１／２２～,0,day
20241126,06,2024112206,令和６年度山陽小野田市営　普通開催　１１／２２～,0,day
20241123,05,2024112305,令和６年度飯塚市営　オーバーミッドナイト　１１／２３～,0,over_midnight
20241124,05,2024112305,令和６年度飯塚市営　オーバーミッドナイト　１１／２３～,0,over_midnight
20241125,05,2024112305,令和６年度飯塚市営　オーバーミッドナイト　１１／２３～,0,over_midnight
20241125,03,2024112503,令和６年度伊勢崎市営　伊勢崎アフター５　１１／２５～,0,after5
20241126,03,2024112503,令和６年度伊勢崎市営　伊勢崎アフター５　１１／２５～,0,after5
20241127,03,2024112503,令和６年度伊勢崎市営　伊勢崎アフター５　１１／２５～,0,after5
20241127,04,2024112704,ＧⅠスピード王決定戦,2,day
20241128,04,2024112704,ＧⅠスピード王決定戦,2,day
20241129,04,2024112704,ＧⅠスピード王決定戦,2,day
20241130,04,2024112704,ＧⅠスピード王決定戦,2,day
20241201,04,2024112704,ＧⅠスピード王決定戦,2,day
20241128,05,2024112805,令和６年度飯塚市営　飯塚ミッドナイト　１１／２８～,0,midnight
20241129,05,2024112805,令和６年度飯塚市営　飯塚ミッドナイト　１１／２８～,0,midnight
20241130,05,2024112805,令和６年度飯塚市営　飯塚ミッドナイト　１１／２８～,0,midnight
20241201,05,2024112805,令和６年度飯塚市営　飯塚ミッドナイト　１１／２８～,0,midnight
20241202,02,2024120202,令和６年度川口市営　川口ナイトレース　１２／２～,0,night
20241203,02,2024120202,令和６年度川口市営　川口ナイトレース　１２／２～,0,night
20241204,02,2024120202,令和６年度川口市営　川口ナイトレース　１２／２～,0,night
20241205,02,2024120202,令和６年度川口市営　川口ナイトレース　１２／２～,0,night
20241204,03,2024120403,ＧⅡレジェンドカップ,3,day
20241205,03,2024120403,ＧⅡレジェンドカップ,3,day
20241206,03,2024120403,ＧⅡレジェンドカップ,3,day
20241207,03,2024120403,ＧⅡレジェンドカップ,3,day
20241208,03,2024120403,ＧⅡレジェンドカップ,3,day
20241206,05,2024120605,令和６年度飯塚市営　飯塚ミッドナイト　１２／６～,0,midnight
20241207,05,2024120605,令和６年度飯塚市営　飯塚ミッドナイト　１２／６～,0,midnight
20241208,05,2024120605,令和６年度飯塚市営　飯塚ミッドナイト　１２／６～,0,midnight
20241209,02,2024120902,令和６年度川口市営　普通開催　１２／９～,0,day
20241210,02,2024120902,令和６年度川口市営　普通開催　１２／９～,0,day
20241211,02,2024120902,令和６年度川口市営　普通開催　１２／９～,0,day
20241212,02,2024120902,令和６年度川口市営　普通開催　１２／９～,0,day
20241209,06,2024120906,令和６年度浜松市営　山陽ミッドナイト　１２／９～,0,midnight
20241210,06,2024120906,令和６年度浜松市営　山陽ミッドナイト　１２／９～,0,midnight
20241211,06,2024120906,令和６年度浜松市営　山陽ミッドナイト　１２／９～,0,midnight
20241212,06,2024120906,令和６年度浜松市営　山陽ミッドナイト　１２／９～,0,midnight
20241213,05,2024121305,ＧⅠ開設記念レース,2,day
20241214,05,2024121305,ＧⅠ開設記念レース,2,day
20241215,05,2024121305,ＧⅠ開設記念レース,2,day
20241216,05,2024121305,ＧⅠ開設記念レース,2,day
20241217,05,2024121305,ＧⅠ開設記念レース,2,day
20241214,04,2024121404,令和６年度浜松市営　浜松アーリーレース　１２／１４～,0,early
20241215,04,2024121404,令和６年度浜松市営　浜松アーリーレース　１２／１４～,0,early
20241216,04,2024121404,令和６年度浜松市営　浜松アーリーレース　１２／１４～,0,early
20241217,04,2024121404,令和６年度浜松市営　浜松アーリーレース　１２／１４～,0,early
20241218,03,2024121803,令和６年度伊勢崎市営　普通開催　１２／１８～,0,day
20241219,03,2024121803,令和６年度伊勢崎市営　普通開催　１２／１８～,0,day
20241220,03,2024121803,令和６年度伊勢崎市営　普通開催　１２／１８～,0,day
20241218,06,2024121806,令和６年度山陽小野田市営　山陽ミッドナイト　１２／１８～,0,midnight
20241219,06,2024121806,令和６年度山陽小野田市営　山陽ミッドナイト　１２／１８～,0,midnight
20241220,06,2024121806,令和６年度山陽小野田市営　山陽ミッドナイト　１２／１８～,0,midnight
20241221,04,2024122104,令和６年度浜松市営　普通開催　１２／２１～,0,day
20241222,04,2024122104,令和６年度浜松市営　普通開催　１２／２１～,0,day
20241223,04,2024122104,令和６年度浜松市営　普通開催　１２／２１～,0,day
20241221,05,2024122105,令和６年度飯塚市営　飯塚ミッドナイト　１２／２１～,0,midnight
20241222,05,2024122105,令和６年度飯塚市営　飯塚ミッドナイト　１２／２１～,0,midnight
20241223,05,2024122105,令和６年度飯塚市営　飯塚ミッドナイト　１２／２１～,0,midnight
20241224,03,2024122403,令和６年度伊勢崎市営　普通開催　１２／２４～,0,day
20241225,03,2024122403,令和６年度伊勢崎市営　普通開催　１２／２４～,0,day
20241226,03,2024122403,令和６年度伊勢崎市営　普通開催　１２／２４～,0,day
20241224,06,2024122406,令和６年度山陽小野田市営　山陽ミッドナイト　１２／２４～,0,midnight
20241225,06,2024122406,令和６年度山陽小野田市営　山陽ミッドナイト　１２／２４～,0,midnight
20241226,06,2024122406,令和６年度山陽小野田市営　山陽ミッドナイト　１２／２４～,0,midnight
20241227,02,2024122702,スーパースターフェスタ,1,day
20241228,02,2024122702,スーパースターフェスタ,1,day
20241229,02,2024122702,スーパースターフェスタ,1,day
20241230,02,2024122702,スーパースターフェスタ,1,day
20241231,02,2024122702,スーパースターフェスタ,1,day
20241227,05,2024122705,令和６年度飯塚市営　飯塚ミッドナイト　１２／２７～,0,midnight
20241228,05,2024122705,令和６年度飯塚市営　飯塚ミッドナイト　１２／２７～,0,midnight
20241229,05,2024122705,令和６年度飯塚市営　飯塚ミッドナイト　１２／２７～,0,midnight
20241230,05,2024122705,令和６年度飯塚市営　飯塚ミッドナイト　１２／２７～,0,midnight
20241231,05,2024122705,令和６年度飯塚市営　飯塚ミッドナイト　１２／２７～,0,midnight
20250101,04,2025010104,令和６年度浜松市営　普通開催　１／１～,0,day
20250102,04,2025010104,令和６年度浜松市営　普通開催　１／１～,0,day
20250103,04,2025010104,令和６年度浜松市営　普通開催　１／１～,0,day
20250104,04,2025010104,令和６年度浜松市営　普通開催　１／１～,0,day
20250101,06,2025010106,令和６年度山陽小野田市営　山陽ミッドナイト　１／１～,0,midnight
20250102,06,2025010106,令和６年度山陽小野田市営　山陽ミッドナイト　１／１～,0,midnight
20250103,06,2025010106,令和６年度山陽小野田市営　山陽ミッドナイト　１／１～,0,midnight
20250104,06,2025010106,令和６年度山陽小野田市営　山陽ミッドナイト　１／１～,0,midnight
20250105,06,2025010106,令和６年度山陽小野田市営　山陽ミッドナイト　１／１～,0,midnight
20250102,02,2025010202,令和６年度川口市営　普通開催　１／２～,0,day
20250103,02,2025010202,令和６年度川口市営　普通開催　１／２～,0,day
20250104,02,2025010202,令和６年度川口市営　普通開催　１／２～,0,day
20250105,02,2025010202,令和６年度川口市営　普通開催　１／２～,0,day
20250106,04,2025010604,令和６年度浜松市営　普通開催　１／６～,0,day
20250107,04,2025010604,令和６年度浜松市営　普通開催　１／６～,0,day
20250108,04,2025010604,令和６年度浜松市営　普通開催　１／６～,0,day
20250106,05,2025010605,令和６年度飯塚市営　飯塚ミッドナイト　１／６～,0,midnight
20250107,05,2025010605,令和６年度飯塚市営　飯塚ミッドナイト　１／６～,0,midnight
20250108,05,2025010605,令和６年度飯塚市営　飯塚ミッドナイト　１／６～,0,midnight
20250109,02,2025010902,令和６年度川口市営　川口ナイトレース　１／９～,0,night
20250110,02,2025010902,令和６年度川口市営　川口ナイトレース　１／９～,0,night
20250111,02,2025010902,令和６年度川口市営　川口ナイトレース　１／９～,0,night
20250112,02,2025010902,令和６年度川口市営　川口ナイトレース　１／９～,0,night
20250109,03,2025010903,ＧⅠ開場記念シルクカップ,2,day
20250110,03,2025010903,ＧⅠ開場記念シルクカップ,2,day
20250111,03,2025010903,ＧⅠ開場記念シルクカップ,2,day
20250112,03,2025010903,ＧⅠ開場記念シルクカップ,2,day
20250113,03,2025010903,ＧⅠ開場記念シルクカップ,2,day
20250113,05,2025011305,令和６年度飯塚市営　飯塚ミッドナイト　１／１３～,0,midnight
20250114,05,2025011305,令和６年度飯塚市営　飯塚ミッドナイト　１／１３～,0,midnight
20250115,05,2025011305,令和６年度飯塚市営　飯塚ミッドナイト　１／１３～,0,midnight
20250114,04,2025011404,令和６年度浜松市営　普通開催　１／１４～,0,day
20250115,04,2025011404,令和６年度浜松市営　普通開催　１／１４～,0,day
20250116,04,2025011404,令和６年度浜松市営　普通開催　１／１４～,0,day
20250117,04,2025011404,令和６年度浜松市営　普通開催　１／１４～,0,day
20250116,06,2025011606,令和６年度山陽小野田市営　普通開催　１／１６～,0,day
20250117,06,2025011606,令和６年度山陽小野田市営　普通開催　１／１６～,0,day
20250118,06,2025011606,令和６年度山陽小野田市営　普通開催　１／１６～,0,day
20250118,02,2025011802,令和６年度川口市営　普通開催　１／１８～,0,day
20250119,02,2025011802,令和６年度川口市営　普通開催　１／１８～,0,day
20250120,02,2025011802,令和６年度川口市営　普通開催　１／１８～,0,day
20250121,02,2025011802,令和６年度川口市営　普通開催　１／１８～,0,day
20250119,05,2025011905,令和６年度飯塚市営　飯塚ミッドナイト　１／１９～,0,midnight
20250120,05,2025011905,令和６年度飯塚市営　飯塚ミッドナイト　１／１９～,0,midnight
20250121,05,2025011905,令和６年度飯塚市営　飯塚ミッドナイト　１／１９～,0,midnight
20250122,02,2025012202,令和６年度川口市営　川口ナイトレース　１／２２～,0,night
20250123,02,2025012202,令和６年度川口市営　川口ナイトレース　１／２２～,0,night
20250124,02,2025012202,令和６年度川口市営　川口ナイトレース　１／２２～,0,night
20250122,04,2025012204,ＧⅡウィナーズカップ,3,day
20250123,04,2025012204,ＧⅡウィナーズカップ,3,day
20250124,04,2025012204,ＧⅡウィナーズカップ,3,day
20250125,04,2025012204,ＧⅡウィナーズカップ,3,day
20250126,04,2025012204,ＧⅡウィナーズカップ,3,day
20250125,05,2025012505,令和６年度飯塚市営　飯塚ミッドナイト　１／２５～,0,midnight
20250126,05,2025012505,令和６年度飯塚市営　飯塚ミッドナイト　１／２５～,0,midnight
20250127,05,2025012505,令和６年度飯塚市営　飯塚ミッドナイト　１／２５～,0,midnight
20250128,05,2025012505,令和６年度飯塚市営　飯塚ミッドナイト　１／２５～,0,midnight
20250129,05,2025012505,令和６年度飯塚市営　飯塚ミッドナイト　１／２５～,0,midnight
20250127,03,2025012703,令和６年度伊勢崎市営　普通開催　１／２７～,0,day
20250128,03,2025012703,令和６年度伊勢崎市営　普通開催　１／２７～,0,day
20250129,03,2025012703,令和６年度伊勢崎市営　普通開催　１／２７～,0,day
20250130,03,2025013003,令和６年度伊勢崎市営　伊勢崎アフター５　１／３０～,0,after5
20250131,03,2025013003,令和６年度伊勢崎市営　伊勢崎アフター５　１／３０～,0,after5
20250201,03,2025013003,令和６年度伊勢崎市営　伊勢崎アフター５　１／３０～,0,after5
20250130,04,2025013004,令和６年度浜松市営　普通開催　１／３０～,0,day
20250131,04,2025013004,令和６年度浜松市営　普通開催　１／３０～,0,day
20250201,04,2025013004,令和６年度浜松市営　普通開催　１／３０～,0,day
20250202,04,2025013004,令和６年度浜松市営　普通開催　１／３０～,0,day
20250202,06,2025020206,令和６年度山陽小野田市営　山陽ミッドナイト　２／２～,0,midnight
20250203,06,2025020206,令和６年度山陽小野田市営　山陽ミッドナイト　２／２～,0,midnight
20250204,06,2025020206,令和６年度山陽小野田市営　山陽ミッドナイト　２／２～,0,midnight
20250205,06,2025020206,令和６年度山陽小野田市営　山陽ミッドナイト　２／２～,0,midnight
20250203,02,2025020302,令和６年度川口市営　普通開催　２／３～,0,day
20250204,02,2025020302,令和６年度川口市営　普通開催　２／３～,0,day
20250205,02,2025020302,令和６年度川口市営　普通開催　２／３～,0,day
20250206,02,2025020602,令和６年度川口市営　川口ナイトレース　２／６～,0,night
20250207,02,2025020602,令和６年度川口市営　川口ナイトレース　２／６～,0,night
20250208,02,2025020602,令和６年度川口市営　川口ナイトレース　２／６～,0,night
20250206,04,2025020604,ＳＧ全日本選抜オートレース,1,day
20250207,04,2025020604,ＳＧ全日本選抜オートレース,1,day
20250208,04,2025020604,ＳＧ全日本選抜オートレース,1,day
20250209,04,2025020604,ＳＧ全日本選抜オートレース,1,day
20250210,04,2025020604,ＳＧ全日本選抜オートレース,1,day
20250211,04,2025020604,ＳＧ全日本選抜オートレース,1,day
20250209,06,2025020906,令和６年度山陽小野田市営　山陽ミッドナイト　２／９～,0,midnight
20250210,06,2025020906,令和６年度山陽小野田市営　山陽ミッドナイト　２／９～,0,midnight
20250211,06,2025020906,令和６年度山陽小野田市営　山陽ミッドナイト　２／９～,0,midnight
20250212,02,2025021202,令和６年度川口市営　川口ナイトレース　２／１２～,0,night
20250213,02,2025021202,令和６年度川口市営　川口ナイトレース　２／１２～,0,night
20250214,02,2025021202,令和６年度川口市営　川口ナイトレース　２／１２～,0,night
20250212,03,2025021203,令和６年度伊勢崎市営　普通開催　２／１２～,0,day
20250213,03,2025021203,令和６年度伊勢崎市営　普通開催　２／１２～,0,day
20250214,03,2025021203,令和６年度伊勢崎市営　普通開催　２／１２～,0,day
20250215,03,2025021203,令和６年度伊勢崎市営　普通開催　２／１２～,0,day
20250215,06,2025021506,令和６年度山陽小野田市営　普通開催　２／１５～,0,day
20250216,06,2025021506,令和６年度山陽小野田市営　普通開催　２／１５～,0,day
20250217,06,2025021506,令和６年度山陽小野田市営　普通開催　２／１５～,0,day
20250216,04,2025021604,令和６年度浜松市営　普通開催　２／１６～,0,day
20250217,04,2025021604,令和６年度浜松市営　普通開催　２／１６～,0,day
20250218,04,2025021604,令和６年度浜松市営　普通開催　２／１６～,0,day
20250219,04,2025021604,令和６年度浜松市営　普通開催　２／１６～,0,day
20250218,02,2025021802,令和６年度川口市営　川口ナイトレース　２／１８～,0,night
20250219,02,2025021802,令和６年度川口市営　川口ナイトレース　２／１８～,0,night
20250220,02,2025021802,令和６年度川口市営　川口ナイトレース　２／１８～,0,night
20250221,02,2025021802,令和６年度川口市営　川口ナイトレース　２／１８～,0,night
20250222,02,2025021802,令和６年度川口市営　川口ナイトレース　２／１８～,0,night
20250220,06,2025022006,ＧⅠスピード王決定戦,2,day
20250221,06,2025022006,ＧⅠスピード王決定戦,2,day
20250222,06,2025022006,ＧⅠスピード王決定戦,2,day
20250223,06,2025022006,ＧⅠスピード王決定戦,2,day
20250224,06,2025022006,ＧⅠスピード王決定戦,2,day
20250223,03,2025022303,令和６年度伊勢崎市営　伊勢崎アフター５　２／２３～,0,after5
20250224,03,2025022303,令和６年度伊勢崎市営　伊勢崎アフター５　２／２３～,0,after5
20250225,03,2025022303,令和６年度伊勢崎市営　伊勢崎アフター５　２／２３～,0,after5
20250226,03,2025022303,令和６年度伊勢崎市営　伊勢崎アフター５　２／２３～,0,after5
20250227,03,2025022303,令和６年度伊勢崎市営　伊勢崎アフター５　２／２３～,0,after5
20250225,02,2025022502,令和６年度川口市営　普通開催　２／２５～,0,day
20250226,02,2025022502,令和６年度川口市営　普通開催　２／２５～,0,day
20250227,02,2025022502,令和６年度川口市営　普通開催　２／２５～,0,day
20250228,02,2025022502,令和６年度川口市営　普通開催　２／２５～,0,day
20250228,06,2025022806,令和６年度山陽小野田市営　普通開催　２／２８～,0,day
20250301,06,2025022806,令和６年度山陽小野田市営　普通開催　２／２８～,0,day
20250302,06,2025022806,令和６年度山陽小野田市営　普通開催　２／２８～,0,day
20250303,06,2025022806,令和６年度山陽小野田市営　普通開催　２／２８～,0,day
20250304,06,2025022806,令和６年度山陽小野田市営　普通開催　２／２８～,0,day
20250301,04,2025030104,令和６年度浜松市営　浜松アーリーレース　３／１～,0,early
20250302,04,2025030104,令和６年度浜松市営　浜松アーリーレース　３／１～,0,early
20250303,04,2025030104,令和６年度浜松市営　浜松アーリーレース　３／１～,0,early
20250304,04,2025030104,令和６年度浜松市営　浜松アーリーレース　３／１～,0,early
20250305,02,2025030502,ＧⅠ開設記念グランプリレース,2,day
20250306,02,2025030502,ＧⅠ開設記念グランプリレース,2,day
20250307,02,2025030502,ＧⅠ開設記念グランプリレース,2,day
20250308,02,2025030502,ＧⅠ開設記念グランプリレース,2,day
20250309,02,2025030502,ＧⅠ開設記念グランプリレース,2,day
20250305,03,2025030503,令和６年度伊勢崎市営　伊勢崎アフター５　３／５～,0,after5
20250306,03,2025030503,令和６年度伊勢崎市営　伊勢崎アフター５　３／５～,0,after5
20250307,03,2025030503,令和６年度伊勢崎市営　伊勢崎アフター５　３／５～,0,after5
20250308,03,2025030503,令和６年度伊勢崎市営　伊勢崎アフター５　３／５～,0,after5
20250309,06,2025030906,令和６年度山陽小野田市営　山陽ミッドナイト　３／９～,0,midnight
20250310,06,2025030906,令和６年度山陽小野田市営　山陽ミッドナイト　３／９～,0,midnight
20250311,06,2025030906,令和６年度山陽小野田市営　山陽ミッドナイト　３／９～,0,midnight
20250312,06,2025030906,令和６年度山陽小野田市営　山陽ミッドナイト　３／９～,0,midnight
20250313,06,2025030906,令和６年度山陽小野田市営　山陽ミッドナイト　３／９～,0,midnight
20250310,04,2025031004,令和６年度浜松市営　普通開催　３／１０～,0,day
20250311,04,2025031004,令和６年度浜松市営　普通開催　３／１０～,0,day
20250312,04,2025031004,令和６年度浜松市営　普通開催　３／１０～,0,day
20250313,04,2025031004,令和６年度浜松市営　普通開催　３／１０～,0,day
20250314,02,2025031402,令和６年度川口市営　普通開催　３／１４～,0,day
20250315,02,2025031402,令和６年度川口市営　普通開催　３／１４～,0,day
20250316,02,2025031402,令和６年度川口市営　普通開催　３／１４～,0,day
20250317,02,2025031402,令和６年度川口市営　普通開催　３／１４～,0,day
20250314,03,2025031403,令和６年度伊勢崎市営　伊勢崎アフター５　３／１４～,0,after5
20250315,03,2025031403,令和６年度伊勢崎市営　伊勢崎アフター５　３／１４～,0,after5
20250316,03,2025031403,令和６年度伊勢崎市営　伊勢崎アフター５　３／１４～,0,after5
20250317,03,2025031403,令和６年度伊勢崎市営　伊勢崎アフター５　３／１４～,0,after5
20250318,06,2025031806,令和６年度山陽小野田市営　山陽ミッドナイト　３／１８～,0,midnight
20250319,06,2025031806,令和６年度山陽小野田市営　山陽ミッドナイト　３／１８～,0,midnight
20250320,06,2025031806,令和６年度山陽小野田市営　山陽ミッドナイト　３／１８～,0,midnight
20250321,06,2025031806,令和６年度山陽小野田市営　山陽ミッドナイト　３／１８～,0,midnight
20250319,04,2025031904,特別ＧⅠ共同通信社杯プレミアムカップ,5,day
20250320,04,2025031904,特別ＧⅠ共同通信社杯プレミアムカップ,5,day
20250321,04,2025031904,特別ＧⅠ共同通信社杯プレミアムカップ,5,day
20250322,04,2025031904,特別ＧⅠ共同通信社杯プレミアムカップ,5,day
20250323,04,2025031904,特別ＧⅠ共同通信社杯プレミアムカップ,5,day
20250322,02,2025032202,令和６年度川口市営　川口ナイトレース　３／２２～,0,night
20250323,02,2025032202,令和６年度川口市営　川口ナイトレース　３／２２～,0,night
20250324,02,2025032202,令和６年度川口市営　川口ナイトレース　３／２２～,0,night
20250325,02,2025032202,令和６年度川口市営　川口ナイトレース　３／２２～,0,night
20250325,03,2025032503,令和６年度伊勢崎市営　普通開催　３／２５～,0,day
20250326,03,2025032503,令和６年度伊勢崎市営　普通開催　３／２５～,0,day
20250327,03,2025032503,令和６年度伊勢崎市営　普通開催　３／２５～,0,day
20250327,06,2025032706,ＧⅡミッドナイトチャンピオンカップ,3,midnight
20250328,06,2025032706,ＧⅡミッドナイトチャンピオンカップ,3,midnight
20250329,06,2025032706,ＧⅡミッドナイトチャンピオンカップ,3,midnight
20250330,06,2025032706,ＧⅡミッドナイトチャンピオンカップ,3,midnight
20250331,06,2025032706,ＧⅡミッドナイトチャンピオンカップ,3,midnight
20250328,04,2025032804,令和６年度浜松市営　普通開催　３／２８～,0,day
20250329,04,2025032804,令和６年度浜松市営　普通開催　３／２８～,0,day
20250330,04,2025032804,令和６年度浜松市営　普通開催　３／２８～,0,day
20250331,04,2025032804,令和６年度浜松市営　普通開催　３／２８～,0,day
20250401,04,2025040104,令和７年度浜松市営　浜松アーリーレース　４／１～,0,early
20250402,04,2025040104,令和７年度浜松市営　浜松アーリーレース　４／１～,0,early
20250403,04,2025040104,令和７年度浜松市営　浜松アーリーレース　４／１～,0,early
20250402,06,2025040206,令和７年度山陽小野田市営　普通開催　４／２～,0,day
20250403,06,2025040206,令和７年度山陽小野田市営　普通開催　４／２～,0,day
20250404,06,2025040206,令和７年度山陽小野田市営　普通開催　４／２～,0,day
20250405,02,2025040502,令和７年度川口市営　普通開催　４／５～,0,day
20250406,02,2025040502,令和７年度川口市営　普通開催　４／５～,0,day
20250407,02,2025040502,令和７年度川口市営　普通開催　４／５～,0,day
20250408,02,2025040502,令和７年度川口市営　普通開催　４／５～,0,day
20250405,03,2025040503,令和７年度伊勢崎市営　普通開催　４／５～,0,day
20250406,03,2025040503,令和７年度伊勢崎市営　普通開催　４／５～,0,day
20250407,03,2025040503,令和７年度伊勢崎市営　普通開催　４／５～,0,day
20250408,03,2025040803,令和７年度伊勢崎市営　伊勢崎アフター５　４／８～,0,after5
20250409,03,2025040803,令和７年度伊勢崎市営　伊勢崎アフター５　４／８～,0,after5
20250410,03,2025040803,令和７年度伊勢崎市営　伊勢崎アフター５　４／８～,0,after5
20250409,06,2025040906,ＧⅠ令和グランドチャンピオンカップ,2,day
20250410,06,2025040906,ＧⅠ令和グランドチャンピオンカップ,2,day
20250411,06,2025040906,ＧⅠ令和グランドチャンピオンカップ,2,day
20250412,06,2025040906,ＧⅠ令和グランドチャンピオンカップ,2,day
20250413,06,2025040906,ＧⅠ令和グランドチャンピオンカップ,2,day
20250411,02,2025041102,令和７年度川口市営　川口ナイトレース　４／１１～,0,night
20250412,02,2025041102,令和７年度川口市営　川口ナイトレース　４／１１～,0,night
20250413,02,2025041102,令和７年度川口市営　川口ナイトレース　４／１１～,0,night
20250414,03,2025041403,令和７年度伊勢崎市営　普通開催　４／１４～,0,day
20250415,03,2025041403,令和７年度伊勢崎市営　普通開催　４／１４～,0,day
20250416,03,2025041403,令和７年度伊勢崎市営　普通開催　４／１４～,0,day
20250415,04,2025041504,令和７年度浜松市営　普通開催　４／１５～,0,day
20250416,04,2025041504,令和７年度浜松市営　普通開催　４／１５～,0,day
20250417,04,2025041504,令和７年度浜松市営　普通開催　４／１５～,0,day
20250417,06,2025041706,令和７年度山陽小野田市営　普通開催　４／１７～,0,day
20250418,06,2025041706,令和７年度山陽小野田市営　普通開催　４／１７～,0,day
20250419,06,2025041706,令和７年度山陽小野田市営　普通開催　４／１７～,0,day
20250420,06,2025041706,令和７年度山陽小野田市営　普通開催　４／１７～,0,day
20250418,02,2025041802,令和７年度川口市営　普通開催　４／１８～,0,day
20250419,02,2025041802,令和７年度川口市営　普通開催　４／１８～,0,day
20250420,02,2025041802,令和７年度川口市営　普通開催　４／１８～,0,day
20250421,03,2025042103,令和７年度伊勢崎市営　伊勢崎アフター５　４／２１～,0,after5
20250422,03,2025042103,令和７年度伊勢崎市営　伊勢崎アフター５　４／２１～,0,after5
20250423,03,2025042103,令和７年度伊勢崎市営　伊勢崎アフター５　４／２１～,0,after5
20250421,04,2025042104,令和７年度浜松市営　普通開催　４／２１～,0,day
20250422,04,2025042104,令和７年度浜松市営　普通開催　４／２１～,0,day
20250423,04,2025042104,令和７年度浜松市営　普通開催　４／２１～,0,day
20250421,06,2025042106,令和７年度山陽小野田市営　オーバーミッドナイト　４／２１～,0,over_midnight
20250422,06,2025042106,令和７年度山陽小野田市営　オーバーミッドナイト　４／２１～,0,over_midnight
20250423,06,2025042106,令和７年度山陽小野田市営　オーバーミッドナイト　４／２１～,0,over_midnight
20250424,02,2025042402,ＳＧオールスター・オートレース,1,day
20250425,02,2025042402,ＳＧオールスター・オートレース,1,day
20250426,02,2025042402,ＳＧオールスター・オートレース,1,day
20250427,02,2025042402,ＳＧオールスター・オートレース,1,day
20250428,02,2025042402,ＳＧオールスター・オートレース,1,day
20250429,02,2025042402,ＳＧオールスター・オートレース,1,day
20250426,04,2025042604,令和７年度浜松市営　浜松アーリーレース　４／２６～,0,early
20250427,04,2025042604,令和７年度浜松市営　浜松アーリーレース　４／２６～,0,early
20250428,04,2025042604,令和７年度浜松市営　浜松アーリーレース　４／２６～,0,early
20250429,04,2025042604,令和７年度浜松市営　浜松アーリーレース　４／２６～,0,early
20250426,06,2025042606,令和７年度山陽小野田市営　オーバーミッドナイト　４／２６～,0,over_midnight
20250427,06,2025042606,令和７年度山陽小野田市営　オーバーミッドナイト　４／２６～,0,over_midnight
20250428,06,2025042606,令和７年度山陽小野田市営　オーバーミッドナイト　４／２６～,0,over_midnight
20250430,03,2025043003,令和７年度伊勢崎市営　伊勢崎アフター５　４／３０～,0,after5
20250501,03,2025043003,令和７年度伊勢崎市営　伊勢崎アフター５　４／３０～,0,after5
20250502,03,2025043003,令和７年度伊勢崎市営　伊勢崎アフター５　４／３０～,0,after5
20250501,06,2025050106,令和７年度山陽小野田市営　オーバーミッドナイト　５／１～,0,over_midnight
20250502,06,2025050106,令和７年度山陽小野田市営　オーバーミッドナイト　５／１～,0,over_midnight
20250503,06,2025050106,令和７年度山陽小野田市営　オーバーミッドナイト　５／１～,0,over_midnight
20250502,02,2025050202,令和７年度川口市営　普通開催　５／２～,0,day
20250503,02,2025050202,令和７年度川口市営　普通開催　５／２～,0,day
20250504,02,2025050202,令和７年度川口市営　普通開催　５／２～,0,day
20250505,02,2025050202,令和７年度川口市営　普通開催　５／２～,0,day
20250506,02,2025050202,令和７年度川口市営　普通開催　５／２～,0,day
20250503,03,2025050303,令和７年度伊勢崎市営　普通開催　５／３～,0,day
20250504,03,2025050303,令和７年度伊勢崎市営　普通開催　５／３～,0,day
20250505,03,2025050303,令和７年度伊勢崎市営　普通開催　５／３～,0,day
20250506,06,2025050606,令和７年度山陽小野田市営　山陽ミッドナイト　５／６～,0,midnight
20250507,06,2025050606,令和７年度山陽小野田市営　山陽ミッドナイト　５／６～,0,midnight
20250508,06,2025050606,令和７年度山陽小野田市営　山陽ミッドナイト　５／６～,0,midnight
20250509,06,2025050606,令和７年度山陽小野田市営　山陽ミッドナイト　５／６～,0,midnight
20250507,04,2025050704,ＧⅠ開場記念ゴールデンレース,2,day
20250508,04,2025050704,ＧⅠ開場記念ゴールデンレース,2,day
20250509,04,2025050704,ＧⅠ開場記念ゴールデンレース,2,day
20250510,04,2025050704,ＧⅠ開場記念ゴールデンレース,2,day
20250511,04,2025050704,ＧⅠ開場記念ゴールデンレース,2,day
20250510,03,2025051003,令和７年度伊勢崎市営　伊勢崎アフター５　５／１０～,0,after5
20250511,03,2025051003,令和７年度伊勢崎市営　伊勢崎アフター５　５／１０～,0,after5
20250512,03,2025051003,令和７年度伊勢崎市営　伊勢崎アフター５　５／１０～,0,after5
20250513,02,2025051302,令和７年度川口市営　普通開催　５／１３～,0,day
20250514,02,2025051302,令和７年度川口市営　普通開催　５／１３～,0,day
20250515,02,2025051302,令和７年度川口市営　普通開催　５／１３～,0,day
20250513,06,2025051306,令和７年度山陽小野田市営　山陽ミッドナイト　５／１３～,0,midnight
20250514,06,2025051306,令和７年度山陽小野田市営　山陽ミッドナイト　５／１３～,0,midnight
20250515,06,2025051306,令和７年度山陽小野田市営　山陽ミッドナイト　５／１３～,0,midnight
20250516,06,2025051306,令和７年度山陽小野田市営　山陽ミッドナイト　５／１３～,0,midnight
20250516,04,2025051604,令和７年度浜松市営　普通開催　５／１６～,0,day
20250517,04,2025051604,令和７年度浜松市営　普通開催　５／１６～,0,day
20250518,04,2025051604,令和７年度浜松市営　普通開催　５／１６～,0,day
20250519,04,2025051604,令和７年度浜松市営　普通開催　５／１６～,0,day
20250517,03,2025051703,令和７年度伊勢崎市営　普通開催　５／１７～,0,day
20250518,03,2025051703,令和７年度伊勢崎市営　普通開催　５／１７～,0,day
20250519,03,2025051703,令和７年度伊勢崎市営　普通開催　５／１７～,0,day
20250520,03,2025051703,令和７年度伊勢崎市営　普通開催　５／１７～,0,day
20250521,02,2025052102,ＧⅡ川口記念,3,day
20250522,02,2025052102,ＧⅡ川口記念,3,day
20250523,02,2025052102,ＧⅡ川口記念,3,day
20250524,02,2025052102,ＧⅡ川口記念,3,day
20250525,02,2025052102,ＧⅡ川口記念,3,day
20250521,06,2025052106,令和７年度山陽小野田市営　オーバーミッドナイト　５／２１～,0,over_midnight
20250522,06,2025052106,令和７年度山陽小野田市営　オーバーミッドナイト　５／２１～,0,over_midnight
20250523,06,2025052106,令和７年度山陽小野田市営　オーバーミッドナイト　５／２１～,0,over_midnight
20250522,04,2025052204,令和７年度浜松市営　浜松アーリーレース　５／２２～,0,early
20250523,04,2025052204,令和７年度浜松市営　浜松アーリーレース　５／２２～,0,early
20250524,04,2025052204,令和７年度浜松市営　浜松アーリーレース　５／２２～,0,early
20250525,04,2025052204,令和７年度浜松市営　浜松アーリーレース　５／２２～,0,early
20250526,03,2025052603,令和７年度伊勢崎市営　伊勢崎アフター５　５／２６～,0,after5
20250527,03,2025052603,令和７年度伊勢崎市営　伊勢崎アフター５　５／２６～,0,after5
20250528,03,2025052603,令和７年度伊勢崎市営　伊勢崎アフター５　５／２６～,0,after5
20250527,04,2025052704,令和７年度浜松市営　普通開催　５／２７～,0,day
20250528,04,2025052704,令和７年度浜松市営　普通開催　５／２７～,0,day
20250529,04,2025052704,令和７年度浜松市営　普通開催　５／２７～,0,day
20250530,04,2025052704,令和７年度浜松市営　普通開催　５／２７～,0,day
20250529,06,2025052906,ＧⅡミッドナイトチャンピオンカップ,3,midnight
20250530,06,2025052906,ＧⅡミッドナイトチャンピオンカップ,3,midnight
20250531,06,2025052906,ＧⅡミッドナイトチャンピオンカップ,3,midnight
20250601,06,2025052906,ＧⅡミッドナイトチャンピオンカップ,3,midnight
20250602,06,2025052906,ＧⅡミッドナイトチャンピオンカップ,3,midnight
20250531,02,2025053102,令和７年度川口市営　普通開催　５／３１～,0,day
20250601,02,2025053102,令和７年度川口市営　普通開催　５／３１～,0,day
20250602,02,2025053102,令和７年度川口市営　普通開催　５／３１～,0,day
20250603,02,2025060302,令和７年度川口市営　川口ナイトレース　６／３～,0,night
20250604,02,2025060302,令和７年度川口市営　川口ナイトレース　６／３～,0,night
20250605,02,2025060302,令和７年度川口市営　川口ナイトレース　６／３～,0,night
20250603,04,2025060304,令和７年度浜松市営　普通開催　６／３～,0,day
20250604,04,2025060304,令和７年度浜松市営　普通開催　６／３～,0,day
20250605,04,2025060304,令和７年度浜松市営　普通開催　６／３～,0,day
20250606,04,2025060304,令和７年度浜松市営　普通開催　６／３～,0,day
20250607,04,2025060304,令和７年度浜松市営　普通開催　６／３～,0,day
20250606,06,2025060606,令和７年度山陽小野田市営　山陽ミッドナイト　６／６～,0,midnight
20250607,06,2025060606,令和７年度山陽小野田市営　山陽ミッドナイト　６／６～,0,midnight
20250608,06,2025060606,令和７年度山陽小野田市営　山陽ミッドナイト　６／６～,0,midnight
20250609,06,2025060606,令和７年度山陽小野田市営　山陽ミッドナイト　６／６～,0,midnight
20250608,02,2025060802,令和７年度川口市営　普通開催　６／８～,0,day
20250609,02,2025060802,令和７年度川口市営　普通開催　６／８～,0,day
20250610,02,2025060802,令和７年度川口市営　普通開催　６／８～,0,day
20250611,03,2025061103,ＧⅡ稲妻賞,3,day
20250612,03,2025061103,ＧⅡ稲妻賞,3,day
20250613,03,2025061103,ＧⅡ稲妻賞,3,day
20250614,03,2025061103,ＧⅡ稲妻賞,3,day
20250615,03,2025061103,ＧⅡ稲妻賞,3,day
20250612,04,2025061204,令和７年度浜松市営　浜松アーリーレース　６／１２～,0,early
20250613,04,2025061204,令和７年度浜松市営　浜松アーリーレース　６／１２～,0,early
20250614,04,2025061204,令和７年度浜松市営　浜松アーリーレース　６／１２～,0,early
20250615,04,2025061204,令和７年度浜松市営　浜松アーリーレース　６／１２～,0,early
20250613,06,2025061306,令和７年度山陽小野田市営　オーバーミッドナイト　６／１３～,0,over_midnight
20250614,06,2025061306,令和７年度山陽小野田市営　オーバーミッドナイト　６／１３～,0,over_midnight
20250615,06,2025061306,令和７年度山陽小野田市営　オーバーミッドナイト　６／１３～,0,over_midnight
20250616,02,2025061602,令和７年度川口市営　川口ナイトレース　６／１６～,0,night
20250617,02,2025061602,令和７年度川口市営　川口ナイトレース　６／１６～,0,night
20250618,02,2025061602,令和７年度川口市営　川口ナイトレース　６／１６～,0,night
20250619,02,2025061602,令和７年度川口市営　川口ナイトレース　６／１６～,0,night
20250617,04,2025061704,令和７年度浜松市営　普通開催　６／１７～,0,day
20250618,04,2025061704,令和７年度浜松市営　普通開催　６／１７～,0,day
20250619,04,2025061704,令和７年度浜松市営　普通開催　６／１７～,0,day
20250620,04,2025061704,令和７年度浜松市営　普通開催　６／１７～,0,day
20250620,06,2025062006,令和７年度山陽小野田市営　オーバーミッドナイト　６／２０～,0,over_midnight
20250621,06,2025062006,令和７年度山陽小野田市営　オーバーミッドナイト　６／２０～,0,over_midnight
20250622,06,2025062006,令和７年度山陽小野田市営　オーバーミッドナイト　６／２０～,0,over_midnight
20250623,06,2025062006,令和７年度山陽小野田市営　オーバーミッドナイト　６／２０～,0,over_midnight
20250621,05,2025062105,令和７年度飯塚市営　普通開催　６／２１～,0,day
20250622,05,2025062105,令和７年度飯塚市営　普通開催　６／２１～,0,day
20250623,05,2025062105,令和７年度飯塚市営　普通開催　６／２１～,0,day
20250622,02,2025062202,令和７年度川口市営　普通開催　６／２２～,0,day
20250623,02,2025062202,令和７年度川口市営　普通開催　６／２２～,0,day
20250624,02,2025062202,令和７年度川口市営　普通開催　６／２２～,0,day
20250624,05,2025062405,令和７年度飯塚市営　飯塚ミッドナイト　６／２４～,0,midnight
20250625,05,2025062405,令和７年度飯塚市営　飯塚ミッドナイト　６／２４～,0,midnight
20250626,05,2025062405,令和７年度飯塚市営　飯塚ミッドナイト　６／２４～,0,midnight
20250625,04,2025062504,ＧⅡ浜松記念曳馬野賞,3,day
20250626,04,2025062504,ＧⅡ浜松記念曳馬野賞,3,day
20250627,04,2025062504,ＧⅡ浜松記念曳馬野賞,3,day
20250628,04,2025062504,ＧⅡ浜松記念曳馬野賞,3,day
20250629,04,2025062504,ＧⅡ浜松記念曳馬野賞,3,day
20250627,06,2025062706,令和７年度山陽小野田市営　山陽ミッドナイト　６／２７～,0,midnight
20250628,06,2025062706,令和７年度山陽小野田市営　山陽ミッドナイト　６／２７～,0,midnight
20250629,06,2025062706,令和７年度山陽小野田市営　山陽ミッドナイト　６／２７～,0,midnight
20250630,02,2025063002,令和７年度川口市営　普通開催　６／３０～,0,day
20250701,02,2025063002,令和７年度川口市営　普通開催　６／３０～,0,day
20250702,02,2025063002,令和７年度川口市営　普通開催　６／３０～,0,day
20250630,05,2025063005,令和７年度飯塚市営　オーバーミッドナイト　６／３０～,0,over_midnight
20250701,05,2025063005,令和７年度飯塚市営　オーバーミッドナイト　６／３０～,0,over_midnight
20250702,05,2025063005,令和７年度飯塚市営　オーバーミッドナイト　６／３０～,0,over_midnight
20250703,05,2025063005,令和７年度飯塚市営　オーバーミッドナイト　６／３０～,0,over_midnight
20250703,03,2025070303,令和７年度伊勢崎市営　普通開催　７／３～,0,day
20250704,03,2025070303,令和７年度伊勢崎市営　普通開催　７／３～,0,day
20250705,03,2025070303,令和７年度伊勢崎市営　普通開催　７／３～,0,day
20250703,04,2025070304,令和７年度浜松市営　普通開催　７／３～,0,day
20250704,04,2025070304,令和７年度浜松市営　普通開催　７／３～,0,day
20250705,04,2025070304,令和７年度浜松市営　普通開催　７／３～,0,day
20250706,02,2025070602,令和７年度川口市営　普通開催　７／６～,0,day
20250707,02,2025070602,令和７年度川口市営　普通開催　７／６～,0,day
20250708,02,2025070602,令和７年度川口市営　普通開催　７／６～,0,day
20250706,05,2025070605,令和７年度飯塚市営　普通開催　７／６～,0,day
20250707,05,2025070605,令和７年度飯塚市営　普通開催　７／６～,0,day
20250708,05,2025070605,令和７年度飯塚市営　普通開催　７／６～,0,day
20250709,05,2025070905,令和７年度飯塚市営　オーバーミッドナイト　７／９～,0,over_midnight
20250710,05,2025070905,令和７年度飯塚市営　オーバーミッドナイト　７／９～,0,over_midnight
20250711,05,2025070905,令和７年度飯塚市営　オーバーミッドナイト　７／９～,0,over_midnight
20250709,06,2025070906,ＧⅡ小林啓二杯,3,day
20250710,06,2025070906,ＧⅡ小林啓二杯,3,day
20250711,06,2025070906,ＧⅡ小林啓二杯,3,day
20250712,06,2025070906,ＧⅡ小林啓二杯,3,day
20250713,06,2025070906,ＧⅡ小林啓二杯,3,day
20250710,04,2025071004,令和７年度浜松市営　浜松アーリーレース　７／１０～,0,early
20250711,04,2025071004,令和７年度浜松市営　浜松アーリーレース　７／１０～,0,early
20250712,04,2025071004,令和７年度浜松市営　浜松アーリーレース　７／１０～,0,early
20250713,04,2025071004,令和７年度浜松市営　浜松アーリーレース　７／１０～,0,early
20250714,03,2025071403,令和７年度伊勢崎市営　伊勢崎アフター５　７／１４～,0,after5
20250715,03,2025071403,令和７年度伊勢崎市営　伊勢崎アフター５　７／１４～,0,after5
20250716,03,2025071403,令和７年度伊勢崎市営　伊勢崎アフター５　７／１４～,0,after5
20250715,05,2025071505,令和７年度飯塚市営　オーバーミッドナイト　７／１５～,0,over_midnight
20250716,05,2025071505,令和７年度飯塚市営　オーバーミッドナイト　７／１５～,0,over_midnight
20250717,05,2025071505,令和７年度飯塚市営　オーバーミッドナイト　７／１５～,0,over_midnight
20250717,02,2025071702,ＧⅠキューポラ杯,2,day
20250718,02,2025071702,ＧⅠキューポラ杯,2,day
20250719,02,2025071702,ＧⅠキューポラ杯,2,day
20250720,02,2025071702,ＧⅠキューポラ杯,2,day
20250721,02,2025071702,ＧⅠキューポラ杯,2,day
20250718,04,2025071804,令和７年度浜松市営　浜松アーリーレース　７／１８～,0,early
20250719,04,2025071804,令和７年度浜松市営　浜松アーリーレース　７／１８～,0,early
20250720,04,2025071804,令和７年度浜松市営　浜松アーリーレース　７／１８～,0,early
20250721,04,2025071804,令和７年度浜松市営　浜松アーリーレース　７／１８～,0,early
20250718,06,2025071806,令和７年度山陽小野田市営　オーバーミッドナイト　７／１８～,0,over_midnight
20250719,06,2025071806,令和７年度山陽小野田市営　オーバーミッドナイト　７／１８～,0,over_midnight
20250720,06,2025071806,令和７年度山陽小野田市営　オーバーミッドナイト　７／１８～,0,over_midnight
20250721,05,2025072105,令和７年度飯塚市営　オーバーミッドナイト　７／２１～,0,over_midnight
20250722,05,2025072105,令和７年度飯塚市営　オーバーミッドナイト　７／２１～,0,over_midnight
20250723,05,2025072105,令和７年度飯塚市営　オーバーミッドナイト　７／２１～,0,over_midnight
20250724,05,2025072105,令和７年度飯塚市営　オーバーミッドナイト　７／２１～,0,over_midnight
20250723,03,2025072303,令和７年度伊勢崎市営　普通開催　７／２３～,0,day
20250724,03,2025072303,令和７年度伊勢崎市営　普通開催　７／２３～,0,day
20250725,03,2025072303,令和７年度伊勢崎市営　普通開催　７／２３～,0,day
20250723,04,2025072304,令和７年度浜松市営　普通開催　７／２３～,0,day
20250724,04,2025072304,令和７年度浜松市営　普通開催　７／２３～,0,day
20250725,04,2025072304,令和７年度浜松市営　普通開催　７／２３～,0,day
20250726,04,2025072304,令和７年度浜松市営　普通開催　７／２３～,0,day
20250726,06,2025072606,令和７年度山陽小野田市営　普通開催　７／２６～,0,day
20250727,06,2025072606,令和７年度山陽小野田市営　普通開催　７／２６～,0,day
20250728,06,2025072606,令和７年度山陽小野田市営　普通開催　７／２６～,0,day
20250727,05,2025072705,令和７年度飯塚市営　普通開催　７／２７～,0,day
20250728,05,2025072705,令和７年度飯塚市営　普通開催　７／２７～,0,day
20250729,05,2025072705,令和７年度飯塚市営　普通開催　７／２７～,0,day
20250729,06,2025072906,令和７年度山陽小野田市営　山陽ミッドナイト　７／２９～,0,midnight
20250730,06,2025072906,令和７年度山陽小野田市営　山陽ミッドナイト　７／２９～,0,midnight
20250731,06,2025072906,令和７年度山陽小野田市営　山陽ミッドナイト　７／２９～,0,midnight
20250730,04,2025073004,ＧⅡウィナーズカップ,3,day
20250731,04,2025073004,ＧⅡウィナーズカップ,3,day
20250801,04,2025073004,ＧⅡウィナーズカップ,3,day
20250802,04,2025073004,ＧⅡウィナーズカップ,3,day
20250803,04,2025073004,ＧⅡウィナーズカップ,3,day
20250801,02,2025080102,令和７年度川口市営　川口ナイトレース,0,night
20250802,02,2025080102,令和７年度川口市営　川口ナイトレース,0,night
20250803,02,2025080102,令和７年度川口市営　川口ナイトレース,0,night
20250804,03,2025080403,令和７年度伊勢崎市営　普通開催　８／４～,0,day
20250805,03,2025080403,令和７年度伊勢崎市営　普通開催　８／４～,0,day
20250806,03,2025080403,令和７年度伊勢崎市営　普通開催　８／４～,0,day
20250804,05,2025080405,令和７年度飯塚市営　オーバーミッドナイト　８／４～,0,over_midnight
20250805,05,2025080405,令和７年度飯塚市営　オーバーミッドナイト　８／４～,0,over_midnight
20250806,05,2025080405,令和７年度飯塚市営　オーバーミッドナイト　８／４～,0,over_midnight
20250807,02,2025080702,令和７年度川口市営　普通開催　８／７～,0,day
20250808,02,2025080702,令和７年度川口市営　普通開催　８／７～,0,day
20250809,02,2025080702,令和７年度川口市営　普通開催　８／７～,0,day
20250807,06,2025080706,令和７年度山陽小野田市営　オーバーミッドナイト　８／７～,0,over_midnight
20250808,06,2025080706,令和７年度山陽小野田市営　オーバーミッドナイト　８／７～,0,over_midnight
20250809,06,2025080706,令和７年度山陽小野田市営　オーバーミッドナイト　８／７～,0,over_midnight
20250810,03,2025081003,ＳＧオートレースグランプリ,1,day
20250811,03,2025081003,ＳＧオートレースグランプリ,1,day
20250812,03,2025081003,ＳＧオートレースグランプリ,1,day
20250813,03,2025081003,ＳＧオートレースグランプリ,1,day
20250814,03,2025081003,ＳＧオートレースグランプリ,1,day
20250815,03,2025081003,ＳＧオートレースグランプリ,1,day
20250810,05,2025081005,令和７年度飯塚市営　オーバーミッドナイト　８／１０～,0,over_midnight
20250811,05,2025081005,令和７年度飯塚市営　オーバーミッドナイト　８／１０～,0,over_midnight
20250812,05,2025081005,令和７年度飯塚市営　オーバーミッドナイト　８／１０～,0,over_midnight
20250816,05,2025081605,令和７年度飯塚市営　普通開催　８／１６～,0,day
20250817,05,2025081605,令和７年度飯塚市営　普通開催　８／１６～,0,day
20250818,05,2025081605,令和７年度飯塚市営　普通開催　８／１６～,0,day
20250819,05,2025081605,令和７年度飯塚市営　普通開催　８／１６～,0,day
20250816,06,2025081606,令和７年度山陽小野田市営　山陽ミッドナイト　８／１６～,0,midnight
20250817,06,2025081606,令和７年度山陽小野田市営　山陽ミッドナイト　８／１６～,0,midnight
20250818,06,2025081606,令和７年度山陽小野田市営　山陽ミッドナイト　８／１６～,0,midnight
20250819,03,2025081903,令和７年度伊勢崎市営　伊勢崎アフター５　８／１９～,0,after5
20250820,03,2025081903,令和７年度伊勢崎市営　伊勢崎アフター５　８／１９～,0,after5
20250821,03,2025081903,令和７年度伊勢崎市営　伊勢崎アフター５　８／１９～,0,after5
20250822,05,2025082205,ＧⅠダイヤモンドレース,2,day
20250823,05,2025082205,ＧⅠダイヤモンドレース,2,day
20250824,05,2025082205,ＧⅠダイヤモンドレース,2,day
20250825,05,2025082205,ＧⅠダイヤモンドレース,2,day
20250826,05,2025082205,ＧⅠダイヤモンドレース,2,day
20250827,03,2025082703,令和７年度伊勢崎市営　普通開催　８／２７～,0,day
20250828,03,2025082703,令和７年度伊勢崎市営　普通開催　８／２７～,0,day
20250829,03,2025082703,令和７年度伊勢崎市営　普通開催　８／２７～,0,day
20250830,03,2025082703,令和７年度伊勢崎市営　普通開催　８／２７～,0,day
20250831,03,2025082703,令和７年度伊勢崎市営　普通開催　８／２７～,0,day
20250829,05,2025082905,令和７年度飯塚市営　普通開催　８／２９～,0,day
20250830,05,2025082905,令和７年度飯塚市営　普通開催　８／２９～,0,day
20250831,05,2025082905,令和７年度飯塚市営　普通開催　８／２９～,0,day
20250901,05,2025082905,令和７年度飯塚市営　普通開催　８／２９～,0,day
20250902,05,2025090205,令和７年度飯塚市営　オーバーミッドナイト　９／２～,0,over_midnight
20250903,05,2025090205,令和７年度飯塚市営　オーバーミッドナイト　９／２～,0,over_midnight
20250904,05,2025090205,令和７年度飯塚市営　オーバーミッドナイト　９／２～,0,over_midnight
20250903,03,2025090303,ＧⅠムーンライトチャンピオンカップ,2,day
20250904,03,2025090303,ＧⅠムーンライトチャンピオンカップ,2,day
20250905,03,2025090303,ＧⅠムーンライトチャンピオンカップ,2,day
20250906,03,2025090303,ＧⅠムーンライトチャンピオンカップ,2,day
20250907,03,2025090303,ＧⅠムーンライトチャンピオンカップ,2,day
20250906,06,2025090606,令和７年度山陽小野田市営　オーバーミッドナイト　９／６～,0,over_midnight
20250907,06,2025090606,令和７年度山陽小野田市営　オーバーミッドナイト　９／６～,0,over_midnight
20250908,06,2025090606,令和７年度山陽小野田市営　オーバーミッドナイト　９／６～,0,over_midnight
20250908,02,2025090802,令和７年度川口市営　普通開催　９／８～,0,day
20250909,02,2025090802,令和７年度川口市営　普通開催　９／８～,0,day
20250910,02,2025090802,令和７年度川口市営　普通開催　９／８～,0,day
20250911,02,2025090802,令和７年度川口市営　普通開催　９／８～,0,day
20250908,05,2025090805,令和７年度飯塚市営　普通開催　９／８～,0,day
20250909,05,2025090805,令和７年度飯塚市営　普通開催　９／８～,0,day
20250910,05,2025090805,令和７年度飯塚市営　普通開催　９／８～,0,day
20250911,05,2025091105,令和７年度飯塚市営　オーバーミッドナイト　９／１１～,0,over_midnight
20250912,05,2025091105,令和７年度飯塚市営　オーバーミッドナイト　９／１１～,0,over_midnight
20250913,05,2025091105,令和７年度飯塚市営　オーバーミッドナイト　９／１１～,0,over_midnight
20250911,06,2025091106,令和７年度山陽小野田市営　普通開催　９／１１～,0,day
20250912,06,2025091106,令和７年度山陽小野田市営　普通開催　９／１１～,0,day
20250913,06,2025091106,令和７年度山陽小野田市営　普通開催　９／１１～,0,day
20250914,06,2025091106,令和７年度山陽小野田市営　普通開催　９／１１～,0,day
20250912,03,2025091203,令和７年度伊勢崎市営　普通開催　９／１２～,0,day
20250913,03,2025091203,令和７年度伊勢崎市営　普通開催　９／１２～,0,day
20250914,03,2025091203,令和７年度伊勢崎市営　普通開催　９／１２～,0,day
20250915,03,2025091203,令和７年度伊勢崎市営　普通開催　９／１２～,0,day
20250915,02,2025091502,令和７年度川口市営　普通開催　９／１５～,0,day
20250916,02,2025091502,令和７年度川口市営　普通開催　９／１５～,0,day
20250917,02,2025091502,令和７年度川口市営　普通開催　９／１５～,0,day
20250918,02,2025091502,令和７年度川口市営　普通開催　９／１５～,0,day
20250916,05,2025091605,令和７年度飯塚市営　飯塚ミッドナイト　９／１６～,0,midnight
20250917,05,2025091605,令和７年度飯塚市営　飯塚ミッドナイト　９／１６～,0,midnight
20250918,05,2025091605,令和７年度飯塚市営　飯塚ミッドナイト　９／１６～,0,midnight
20250919,02,2025091902,令和７年度川口市営　川口ナイトレース　９／１９～,0,night
20250920,02,2025091902,令和７年度川口市営　川口ナイトレース　９／１９～,0,night
20250921,02,2025091902,令和７年度川口市営　川口ナイトレース　９／１９～,0,night
20250919,06,2025091906,特別ＧⅠ共同通信社杯プレミアムカップ,5,day
20250920,06,2025091906,特別ＧⅠ共同通信社杯プレミアムカップ,5,day
20250921,06,2025091906,特別ＧⅠ共同通信社杯プレミアムカップ,5,day
20250922,06,2025091906,特別ＧⅠ共同通信社杯プレミアムカップ,5,day
20250923,06,2025091906,特別ＧⅠ共同通信社杯プレミアムカップ,5,day
20250922,03,2025092203,令和７年度伊勢崎市営　伊勢崎アフター５　９／２２～,0,after5
20250923,03,2025092203,令和７年度伊勢崎市営　伊勢崎アフター５　９／２２～,0,after5
20250924,03,2025092203,令和７年度伊勢崎市営　伊勢崎アフター５　９／２２～,0,after5
20250924,05,2025092405,令和７年度飯塚市営　普通開催　９／２４～,0,day
20250925,05,2025092405,令和７年度飯塚市営　普通開催　９／２４～,0,day
20250926,05,2025092405,令和７年度飯塚市営　普通開催　９／２４～,0,day
20250925,02,2025092502,令和７年度川口市営　普通開催　９／２５～,0,day
20250926,02,2025092502,令和７年度川口市営　普通開催　９／２５～,0,day
20250927,02,2025092502,令和７年度川口市営　普通開催　９／２５～,0,day
20250927,05,2025092705,令和７年度飯塚市営　オーバーミッドナイト　９／２７～,0,over_midnight
20250928,05,2025092705,令和７年度飯塚市営　オーバーミッドナイト　９／２７～,0,over_midnight
20250929,05,2025092705,令和７年度飯塚市営　オーバーミッドナイト　９／２７～,0,over_midnight
20250927,06,2025092706,令和７年度山陽小野田市営　普通開催　９／２７～,0,day
20250928,06,2025092706,令和７年度山陽小野田市営　普通開催　９／２７～,0,day
20250929,06,2025092706,令和７年度山陽小野田市営　普通開催　９／２７～,0,day
20250928,03,2025092803,令和７年度伊勢崎市営　普通開催　９／２８～,0,day
20250929,03,2025092803,令和７年度伊勢崎市営　普通開催　９／２８～,0,day
20250930,03,2025092803,令和７年度伊勢崎市営　普通開催　９／２８～,0,day
20251001,03,2025092803,令和７年度伊勢崎市営　普通開催　９／２８～,0,day
20250930,02,2025093002,令和７年度川口市営　普通開催　９／３０～,0,day
20251001,02,2025093002,令和７年度川口市営　普通開催　９／３０～,0,day
20251002,02,2025093002,令和７年度川口市営　普通開催　９／３０～,0,day
20251002,05,2025100205,令和７年度飯塚市営　普通開催　１０／２～,0,day
20251003,05,2025100205,令和７年度飯塚市営　普通開催　１０／２～,0,day
20251004,05,2025100205,令和７年度飯塚市営　普通開催　１０／２～,0,day
20251005,05,2025100205,令和７年度飯塚市営　普通開催　１０／２～,0,day
20251003,06,2025100306,令和７年度山陽小野田市営　普通開催　１０／３～,0,day
20251004,06,2025100306,令和７年度山陽小野田市営　普通開催　１０／３～,0,day
20251005,06,2025100306,令和７年度山陽小野田市営　普通開催　１０／３～,0,day
20251006,02,2025100602,令和７年度川口市営　普通開催　１０／６～,0,day
20251007,02,2025100602,令和７年度川口市営　普通開催　１０／６～,0,day
20251008,02,2025100602,令和７年度川口市営　普通開催　１０／６～,0,day
20251009,05,2025100905,令和７年度浜松市営　オーバーミッドナイト　１０／９～,0,over_midnight
20251010,05,2025100905,令和７年度浜松市営　オーバーミッドナイト　１０／９～,0,over_midnight
20251011,05,2025100905,令和７年度浜松市営　オーバーミッドナイト　１０／９～,0,over_midnight
20251012,05,2025100905,令和７年度浜松市営　オーバーミッドナイト　１０／９～,0,over_midnight
20251009,06,2025100906,ＧⅡ若獅子杯争奪戦,3,day
20251010,06,2025100906,ＧⅡ若獅子杯争奪戦,3,day
20251011,06,2025100906,ＧⅡ若獅子杯争奪戦,3,day
20251012,06,2025100906,ＧⅡ若獅子杯争奪戦,3,day
20251013,06,2025100906,ＧⅡ若獅子杯争奪戦,3,day
20251013,02,2025101302,令和７年度川口市営　川口ナイトレース　１０／１３～,0,night
20251014,02,2025101302,令和７年度川口市営　川口ナイトレース　１０／１３～,0,night
20251015,02,2025101302,令和７年度川口市営　川口ナイトレース　１０／１３～,0,night
20251016,02,2025101302,令和７年度川口市営　川口ナイトレース　１０／１３～,0,night
20251015,05,2025101505,令和７年度飯塚市営　普通開催　１０／１５～,0,day
20251016,05,2025101505,令和７年度飯塚市営　普通開催　１０／１５～,0,day
20251017,05,2025101505,令和７年度飯塚市営　普通開催　１０／１５～,0,day
20251017,03,2025101703,令和７年度伊勢崎市営　普通開催　１０／１７～,0,day
20251018,03,2025101703,令和７年度伊勢崎市営　普通開催　１０／１７～,0,day
20251019,03,2025101703,令和７年度伊勢崎市営　普通開催　１０／１７～,0,day
20251020,03,2025101703,令和７年度伊勢崎市営　普通開催　１０／１７～,0,day
20251018,05,2025101805,令和７年度飯塚市営　オーバーミッドナイト　１０／１８～,0,over_midnight
20251019,05,2025101805,令和７年度飯塚市営　オーバーミッドナイト　１０／１８～,0,over_midnight
20251020,05,2025101805,令和７年度飯塚市営　オーバーミッドナイト　１０／１８～,0,over_midnight
20251018,06,2025101806,令和７年度山陽小野田市営　普通開催　１０／１８～,0,day
20251019,06,2025101806,令和７年度山陽小野田市営　普通開催　１０／１８～,0,day
20251020,06,2025101806,令和７年度山陽小野田市営　普通開催　１０／１８～,0,day
20251021,06,2025101806,令和７年度山陽小野田市営　普通開催　１０／１８～,0,day
20251021,02,2025102102,令和７年度川口市営　川口ナイトレース　１０／２１～,0,night
20251022,02,2025102102,令和７年度川口市営　川口ナイトレース　１０／２１～,0,night
20251023,02,2025102102,令和７年度川口市営　川口ナイトレース　１０／２１～,0,night
20251024,03,2025102403,令和７年度伊勢崎市営　伊勢崎アフター５　１０／２４～,0,after5
20251025,03,2025102403,令和７年度伊勢崎市営　伊勢崎アフター５　１０／２４～,0,after5
20251026,03,2025102403,令和７年度伊勢崎市営　伊勢崎アフター５　１０／２４～,0,after5
20251027,03,2025102403,令和７年度伊勢崎市営　伊勢崎アフター５　１０／２４～,0,after5
20251024,05,2025102405,令和７年度飯塚市営　普通開催　１０／２４～,0,day
20251025,05,2025102405,令和７年度飯塚市営　普通開催　１０／２４～,0,day
20251026,05,2025102405,令和７年度飯塚市営　普通開催　１０／２４～,0,day
20251024,06,2025102406,令和７年度山陽小野田市営　オーバーミッドナイト　１０／２４～,0,over_midnight
20251025,06,2025102406,令和７年度山陽小野田市営　オーバーミッドナイト　１０／２４～,0,over_midnight
20251026,06,2025102406,令和７年度山陽小野田市営　オーバーミッドナイト　１０／２４～,0,over_midnight
20251027,06,2025102406,令和７年度山陽小野田市営　オーバーミッドナイト　１０／２４～,0,over_midnight
20251028,02,2025102802,令和７年度川口市営　川口ナイトレース　１０／２８～,0,night
20251029,02,2025102802,令和７年度川口市営　川口ナイトレース　１０／２８～,0,night
20251030,02,2025102802,令和７年度川口市営　川口ナイトレース　１０／２８～,0,night
20251029,05,2025102905,ＳＧ日本選手権オートレース,1,day
20251030,05,2025102905,ＳＧ日本選手権オートレース,1,day
20251031,05,2025102905,ＳＧ日本選手権オートレース,1,day
20251101,05,2025102905,ＳＧ日本選手権オートレース,1,day
20251102,05,2025102905,ＳＧ日本選手権オートレース,1,day
20251103,05,2025102905,ＳＧ日本選手権オートレース,1,day
20251031,03,2025103103,令和７年度伊勢崎市営　伊勢崎アフター５　１０／３１～,0,after5
20251101,03,2025103103,令和７年度伊勢崎市営　伊勢崎アフター５　１０／３１～,0,after5
20251102,03,2025103103,令和７年度伊勢崎市営　伊勢崎アフター５　１０／３１～,0,after5
20251103,06,2025110306,令和７年度浜松市営　山陽ミッドナイト　１１／３～,0,midnight
20251104,06,2025110306,令和７年度浜松市営　山陽ミッドナイト　１１／３～,0,midnight
20251105,06,2025110306,令和７年度浜松市営　山陽ミッドナイト　１１／３～,0,midnight
20251106,06,2025110306,令和７年度浜松市営　山陽ミッドナイト　１１／３～,0,midnight
20251104,02,2025110402,令和７年度川口市営　普通開催　１１／４～,0,day
20251105,02,2025110402,令和７年度川口市営　普通開催　１１／４～,0,day
20251106,02,2025110402,令和７年度川口市営　普通開催　１１／４～,0,day
20251107,03,2025110703,令和７年度伊勢崎市営　普通開催　１１／７～,0,day
20251108,03,2025110703,令和７年度伊勢崎市営　普通開催　１１／７～,0,day
20251109,03,2025110703,令和７年度伊勢崎市営　普通開催　１１／７～,0,day
20251110,03,2025110703,令和７年度伊勢崎市営　普通開催　１１／７～,0,day
20251107,05,2025110705,令和７年度飯塚市営　普通開催　１１／７～,0,day
20251108,05,2025110705,令和７年度飯塚市営　普通開催　１１／７～,0,day
20251109,05,2025110705,令和７年度飯塚市営　普通開催　１１／７～,0,day
20251110,05,2025110705,令和７年度飯塚市営　普通開催　１１／７～,0,day
20251111,05,2025110705,令和７年度飯塚市営　普通開催　１１／７～,0,day
20251111,06,2025111106,令和７年度山陽小野田市営　山陽ミッドナイト　１１／１１～,0,midnight
20251112,06,2025111106,令和７年度山陽小野田市営　山陽ミッドナイト　１１／１１～,0,midnight
20251113,06,2025111106,令和７年度山陽小野田市営　山陽ミッドナイト　１１／１１～,0,midnight
20251112,02,2025111202,ＧⅡオートレースメモリアル,3,day
20251113,02,2025111202,ＧⅡオートレースメモリアル,3,day
20251114,02,2025111202,ＧⅡオートレースメモリアル,3,day
20251115,02,2025111202,ＧⅡオートレースメモリアル,3,day
20251116,02,2025111202,ＧⅡオートレースメモリアル,3,day
20251114,05,2025111405,令和７年度飯塚市営　飯塚ミッドナイト　１１／１４～,0,midnight
20251115,05,2025111405,令和７年度飯塚市営　飯塚ミッドナイト　１１／１４～,0,midnight
20251116,05,2025111405,令和７年度飯塚市営　飯塚ミッドナイト　１１／１４～,0,midnight
20251117,03,2025111703,令和７年度伊勢崎市営　伊勢崎アフター５　１１／１７～,0,after5
20251118,03,2025111703,令和７年度伊勢崎市営　伊勢崎アフター５　１１／１７～,0,after5
20251119,03,2025111703,令和７年度伊勢崎市営　伊勢崎アフター５　１１／１７～,0,after5
20251117,06,2025111706,令和７年度山陽小野田市営　普通開催　１１／１７～,0,day
20251118,06,2025111706,令和７年度山陽小野田市営　普通開催　１１／１７～,0,day
20251119,06,2025111706,令和７年度山陽小野田市営　普通開催　１１／１７～,0,day
20251120,02,2025112002,令和７年度川口市営　川口ナイトレース　１１／２０～,0,night
20251121,02,2025112002,令和７年度川口市営　川口ナイトレース　１１／２０～,0,night
20251122,02,2025112002,令和７年度川口市営　川口ナイトレース　１１／２０～,0,night
20251123,02,2025112002,令和７年度川口市営　川口ナイトレース　１１／２０～,0,night
20251120,05,2025112005,ＧⅠ開設記念レース,2,day
20251121,05,2025112005,ＧⅠ開設記念レース,2,day
20251122,05,2025112005,ＧⅠ開設記念レース,2,day
20251123,05,2025112005,ＧⅠ開設記念レース,2,day
20251124,05,2025112005,ＧⅠ開設記念レース,2,day
20251124,03,2025112403,令和７年度伊勢崎市営　伊勢崎アフター５　１１／２４～,0,after5
20251125,03,2025112403,令和７年度伊勢崎市営　伊勢崎アフター５　１１／２４～,0,after5
20251126,03,2025112403,令和７年度伊勢崎市営　伊勢崎アフター５　１１／２４～,0,after5
20251127,03,2025112403,令和７年度伊勢崎市営　伊勢崎アフター５　１１／２４～,0,after5
20251125,06,2025112506,令和７年度山陽小野田市営　普通開催　１１／２５～,0,day
20251126,06,2025112506,令和７年度山陽小野田市営　普通開催　１１／２５～,0,day
20251127,06,2025112506,令和７年度山陽小野田市営　普通開催　１１／２５～,0,day
20251128,05,2025112805,令和７年度飯塚市営　普通開催　１１／２８～,0,day
20251129,05,2025112805,令和７年度飯塚市営　普通開催　１１／２８～,0,day
20251130,05,2025112805,令和７年度飯塚市営　普通開催　１１／２８～,0,day
20251129,04,2025112904,令和７年度浜松市営　普通開催　１１／２９～,0,day
20251130,04,2025112904,令和７年度浜松市営　普通開催　１１／２９～,0,day
20251201,04,2025112904,令和７年度浜松市営　普通開催　１１／２９～,0,day
20251202,04,2025112904,令和７年度浜松市営　普通開催　１１／２９～,0,day
20251201,06,2025120106,令和７年度山陽小野田市営　山陽ミッドナイト　１２／１～,0,midnight
20251202,06,2025120106,令和７年度山陽小野田市営　山陽ミッドナイト　１２／１～,0,midnight
20251203,06,2025120106,令和７年度山陽小野田市営　山陽ミッドナイト　１２／１～,0,midnight
20251203,03,2025120303,ＧⅡレジェンドカップ,3,day
20251204,03,2025120303,ＧⅡレジェンドカップ,3,day
20251205,03,2025120303,ＧⅡレジェンドカップ,3,day
20251206,03,2025120303,ＧⅡレジェンドカップ,3,day
20251207,03,2025120303,ＧⅡレジェンドカップ,3,day
20251204,05,2025120405,令和７年度飯塚市営　飯塚ミッドナイト　１２／４～,0,midnight
20251205,05,2025120405,令和７年度飯塚市営　飯塚ミッドナイト　１２／４～,0,midnight
20251206,05,2025120405,令和７年度飯塚市営　飯塚ミッドナイト　１２／４～,0,midnight
20251207,05,2025120405,令和７年度飯塚市営　飯塚ミッドナイト　１２／４～,0,midnight
20251208,02,2025120802,令和７年度川口市営　川口ナイトレース　１２／８～,0,night
20251209,02,2025120802,令和７年度川口市営　川口ナイトレース　１２／８～,0,night
20251210,02,2025120802,令和７年度川口市営　川口ナイトレース　１２／８～,0,night
20251211,02,2025120802,令和７年度川口市営　川口ナイトレース　１２／８～,0,night
20251208,06,2025120806,令和７年度山陽小野田市営　普通開催　１２／８～,0,day
20251209,06,2025120806,令和７年度山陽小野田市営　普通開催　１２／８～,0,day
20251210,06,2025120806,令和７年度山陽小野田市営　普通開催　１２／８～,0,day
20251211,04,2025121104,令和７年度浜松市営　普通開催　１２／１１～,0,day
20251212,04,2025121104,令和７年度浜松市営　普通開催　１２／１１～,0,day
20251213,04,2025121104,令和７年度浜松市営　普通開催　１２／１１～,0,day
20251212,05,2025121205,令和７年度飯塚市営　普通開催　１２／１２～,0,day
20251213,05,2025121205,令和７年度飯塚市営　普通開催　１２／１２～,0,day
20251214,05,2025121205,令和７年度飯塚市営　普通開催　１２／１２～,0,day
20251214,03,2025121403,令和７年度伊勢崎市営　普通開催　１２／１４～,0,day
20251215,03,2025121403,令和７年度伊勢崎市営　普通開催　１２／１４～,0,day
20251216,03,2025121403,令和７年度伊勢崎市営　普通開催　１２／１４～,0,day
20251215,05,2025121505,令和７年度飯塚市営　飯塚ミッドナイト　１２／１５～,0,midnight
20251216,05,2025121505,令和７年度飯塚市営　飯塚ミッドナイト　１２／１５～,0,midnight
20251217,05,2025121505,令和７年度飯塚市営　飯塚ミッドナイト　１２／１５～,0,midnight
20251217,04,2025121704,ＧⅠスピード王決定戦,2,day
20251218,04,2025121704,ＧⅠスピード王決定戦,2,day
20251219,04,2025121704,ＧⅠスピード王決定戦,2,day
20251220,04,2025121704,ＧⅠスピード王決定戦,2,day
20251221,04,2025121704,ＧⅠスピード王決定戦,2,day
20251218,02,2025121802,令和７年度川口市営　川口ナイトレース　１２／１８～,0,night
20251219,02,2025121802,令和７年度川口市営　川口ナイトレース　１２／１８～,0,night
20251220,02,2025121802,令和７年度川口市営　川口ナイトレース　１２／１８～,0,night
20251221,05,2025122105,令和７年度飯塚市営　飯塚ミッドナイト　１２／２１～,0,midnight
20251222,05,2025122105,令和７年度飯塚市営　飯塚ミッドナイト　１２／２１～,0,midnight
20251223,05,2025122105,令和７年度飯塚市営　飯塚ミッドナイト　１２／２１～,0,midnight
20251223,06,2025122306,令和７年度山陽小野田市営　普通開催　１２／２３～,0,day
20251224,06,2025122306,令和７年度山陽小野田市営　普通開催　１２／２３～,0,day
20251225,06,2025122306,令和７年度山陽小野田市営　普通開催　１２／２３～,0,day
20251226,06,2025122306,令和７年度山陽小野田市営　普通開催　１２／２３～,0,day
20251224,03,2025122403,令和７年度伊勢崎市営　伊勢崎アフター５　１２／２４～,0,after5
20251225,03,2025122403,令和７年度伊勢崎市営　伊勢崎アフター５　１２／２４～,0,after5
20251226,03,2025122403,令和７年度伊勢崎市営　伊勢崎アフター５　１２／２４～,0,after5
20251227,02,2025122702,スーパースターフェスタ,1,day
20251228,02,2025122702,スーパースターフェスタ,1,day
20251229,02,2025122702,スーパースターフェスタ,1,day
20251230,02,2025122702,スーパースターフェスタ,1,day
20251231,02,2025122702,スーパースターフェスタ,1,day
20251227,05,2025122705,令和７年度飯塚市営　飯塚ミッドナイト　１２／２７～,0,midnight
20251228,05,2025122705,令和７年度飯塚市営　飯塚ミッドナイト　１２／２７～,0,midnight
20251229,05,2025122705,令和７年度飯塚市営　飯塚ミッドナイト　１２／２７～,0,midnight
20251230,05,2025122705,令和７年度飯塚市営　飯塚ミッドナイト　１２／２７～,0,midnight
20251231,05,2025122705,令和７年度飯塚市営　飯塚ミッドナイト　１２／２７～,0,midnight
20260101,04,2026010104,令和７年度浜松市営　普通開催　１／１～,0,day
20260102,04,2026010104,令和７年度浜松市営　普通開催　１／１～,0,day
20260103,04,2026010104,令和７年度浜松市営　普通開催　１／１～,0,day
20260104,04,2026010104,令和７年度浜松市営　普通開催　１／１～,0,day
20260101,06,2026010106,令和７年度山陽小野田市営　山陽ミッドナイト　１／１～,0,midnight
20260102,06,2026010106,令和７年度山陽小野田市営　山陽ミッドナイト　１／１～,0,midnight
20260103,06,2026010106,令和７年度山陽小野田市営　山陽ミッドナイト　１／１～,0,midnight
20260104,06,2026010106,令和７年度山陽小野田市営　山陽ミッドナイト　１／１～,0,midnight
20260102,02,2026010202,令和７年度川口市営　普通開催　１／２～,0,day
20260103,02,2026010202,令和７年度川口市営　普通開催　１／２～,0,day
20260104,02,2026010202,令和７年度川口市営　普通開催　１／２～,0,day
20260105,02,2026010202,令和７年度川口市営　普通開催　１／２～,0,day
20260105,05,2026010505,令和７年度飯塚市営　普通開催　１／５～,0,day
20260106,05,2026010505,令和７年度飯塚市営　普通開催　１／５～,0,day
20260107,05,2026010505,令和７年度飯塚市営　普通開催　１／５～,0,day
20260108,03,2026010803,ＧⅠ開場記念シルクカップ,2,day
20260109,03,2026010803,ＧⅠ開場記念シルクカップ,2,day
20260110,03,2026010803,ＧⅠ開場記念シルクカップ,2,day
20260111,03,2026010803,ＧⅠ開場記念シルクカップ,2,day
20260112,03,2026010803,ＧⅠ開場記念シルクカップ,2,day
20260108,05,2026010805,令和７年度飯塚市営　飯塚ミッドナイト　１／８～,0,midnight
20260109,05,2026010805,令和７年度飯塚市営　飯塚ミッドナイト　１／８～,0,midnight
20260110,05,2026010805,令和７年度飯塚市営　飯塚ミッドナイト　１／８～,0,midnight
20260111,06,2026011106,令和７年度山陽小野田市営　山陽ミッドナイト　１／１１～,0,midnight
20260112,06,2026011106,令和７年度山陽小野田市営　山陽ミッドナイト　１／１１～,0,midnight
20260113,06,2026011106,令和７年度山陽小野田市営　山陽ミッドナイト　１／１１～,0,midnight
20260114,06,2026011106,令和７年度山陽小野田市営　山陽ミッドナイト　１／１１～,0,midnight
20260114,04,2026011404,令和７年度浜松市営　普通開催　１／１４～,0,day
20260115,04,2026011404,令和７年度浜松市営　普通開催　１／１４～,0,day
20260116,04,2026011404,令和７年度浜松市営　普通開催　１／１４～,0,day
20260117,04,2026011404,令和７年度浜松市営　普通開催　１／１４～,0,day
20260115,05,2026011505,令和７年度飯塚市営　普通開催　１／１５～,0,day
20260116,05,2026011505,令和７年度飯塚市営　普通開催　１／１５～,0,day
20260117,05,2026011505,令和７年度飯塚市営　普通開催　１／１５～,0,day
20260118,05,2026011505,令和７年度飯塚市営　普通開催　１／１５～,0,day
20260118,03,2026011803,令和７年度伊勢崎市営　普通開催　１／１８～,0,day
20260119,03,2026011803,令和７年度伊勢崎市営　普通開催　１／１８～,0,day
20260120,03,2026011803,令和７年度伊勢崎市営　普通開催　１／１８～,0,day
20260119,06,2026011906,令和７年度浜松市営　山陽ミッドナイト　１／１９～,0,midnight
20260120,06,2026011906,令和７年度浜松市営　山陽ミッドナイト　１／１９～,0,midnight
20260121,06,2026011906,令和７年度浜松市営　山陽ミッドナイト　１／１９～,0,midnight
20260122,06,2026011906,令和７年度浜松市営　山陽ミッドナイト　１／１９～,0,midnight
20260121,05,2026012105,ＧⅡオーバルチャンピオンカップ,3,day
20260122,05,2026012105,ＧⅡオーバルチャンピオンカップ,3,day
20260123,05,2026012105,ＧⅡオーバルチャンピオンカップ,3,day
20260124,05,2026012105,ＧⅡオーバルチャンピオンカップ,3,day
20260125,05,2026012105,ＧⅡオーバルチャンピオンカップ,3,day
20260123,02,2026012302,令和７年度川口市営　川口ナイトレース　１／２３～,0,night
20260124,02,2026012302,令和７年度川口市営　川口ナイトレース　１／２３～,0,night
20260125,02,2026012302,令和７年度川口市営　川口ナイトレース　１／２３～,0,night
20260126,03,2026012603,令和７年度伊勢崎市営　伊勢崎アフター５　１／２６～,0,after5
20260127,03,2026012603,令和７年度伊勢崎市営　伊勢崎アフター５　１／２６～,0,after5
20260128,03,2026012603,令和７年度伊勢崎市営　伊勢崎アフター５　１／２６～,0,after5
20260126,06,2026012606,令和７年度山陽小野田市営　普通開催　１／２６～,0,day
20260127,06,2026012606,令和７年度山陽小野田市営　普通開催　１／２６～,0,day
20260128,06,2026012606,令和７年度山陽小野田市営　普通開催　１／２６～,0,day
20260129,02,2026012902,令和７年度川口市営　普通開催　１／２９～,0,day
20260130,02,2026012902,令和７年度川口市営　普通開催　１／２９～,0,day
20260131,02,2026012902,令和７年度川口市営　普通開催　１／２９～,0,day
20260129,05,2026012905,令和７年度飯塚市営　普通開催　１／２９～,0,day
20260130,05,2026012905,令和７年度飯塚市営　普通開催　１／２９～,0,day
20260131,05,2026012905,令和７年度飯塚市営　普通開催　１／２９～,0,day
20260201,03,2026020103,令和７年度伊勢崎市営　普通開催　２／１～,0,day
20260202,03,2026020103,令和７年度伊勢崎市営　普通開催　２／１～,0,day
20260203,03,2026020103,令和７年度伊勢崎市営　普通開催　２／１～,0,day
20260201,05,2026020105,令和７年度飯塚市営　飯塚ミッドナイト　２／１～,0,midnight
20260202,05,2026020105,令和７年度飯塚市営　飯塚ミッドナイト　２／１～,0,midnight
20260203,05,2026020105,令和７年度飯塚市営　飯塚ミッドナイト　２／１～,0,midnight
20260204,02,2026020402,令和７年度川口市営　普通開催　２／４～,0,day
20260205,02,2026020402,令和７年度川口市営　普通開催　２／４～,0,day
20260206,02,2026020402,令和７年度川口市営　普通開催　２／４～,0,day
20260207,05,2026020705,令和７年度飯塚市営　飯塚ミッドナイト　２／７～,0,midnight
20260208,05,2026020705,令和７年度飯塚市営　飯塚ミッドナイト　２／７～,0,midnight
20260209,05,2026020705,令和７年度飯塚市営　飯塚ミッドナイト　２／７～,0,midnight
20260210,05,2026020705,令和７年度飯塚市営　飯塚ミッドナイト　２／７～,0,midnight
20260207,06,2026020706,ＧⅠスピード王決定戦,2,day
20260208,06,2026020706,ＧⅠスピード王決定戦,2,day
20260209,06,2026020706,ＧⅠスピード王決定戦,2,day
20260210,06,2026020706,ＧⅠスピード王決定戦,2,day
20260211,06,2026020706,ＧⅠスピード王決定戦,2,day
20260211,02,2026021102,令和７年度川口市営　川口ナイトレース　２／１１～,0,night
20260212,02,2026021102,令和７年度川口市営　川口ナイトレース　２／１１～,0,night
20260213,02,2026021102,令和７年度川口市営　川口ナイトレース　２／１１～,0,night
20260212,04,2026021204,令和７年度浜松市営　普通開催　２／１２～,0,day
20260213,04,2026021204,令和７年度浜松市営　普通開催　２／１２～,0,day
20260214,04,2026021204,令和７年度浜松市営　普通開催　２／１２～,0,day
20260214,05,2026021405,令和７年度飯塚市営　飯塚ミッドナイト　２／１４～,0,midnight
20260215,05,2026021405,令和７年度飯塚市営　飯塚ミッドナイト　２／１４～,0,midnight
20260216,05,2026021405,令和７年度飯塚市営　飯塚ミッドナイト　２／１４～,0,midnight
20260217,05,2026021405,令和７年度飯塚市営　飯塚ミッドナイト　２／１４～,0,midnight
20260215,03,2026021503,令和７年度伊勢崎市営　普通開催　２／１５～,0,day
20260216,03,2026021503,令和７年度伊勢崎市営　普通開催　２／１５～,0,day
20260217,03,2026021503,令和７年度伊勢崎市営　普通開催　２／１５～,0,day
20260218,02,2026021802,令和７年度川口市営　川口ナイトレース　２／１８～,0,night
20260219,02,2026021802,令和７年度川口市営　川口ナイトレース　２／１８～,0,night
20260220,02,2026021802,令和７年度川口市営　川口ナイトレース　２／１８～,0,night
20260218,04,2026021804,ＳＧ全日本選抜オートレース,1,day
20260219,04,2026021804,ＳＧ全日本選抜オートレース,1,day
20260220,04,2026021804,ＳＧ全日本選抜オートレース,1,day
20260221,04,2026021804,ＳＧ全日本選抜オートレース,1,day
20260222,04,2026021804,ＳＧ全日本選抜オートレース,1,day
20260223,04,2026021804,ＳＧ全日本選抜オートレース,1,day
20260221,05,2026022105,令和７年度飯塚市営　飯塚ミッドナイト　２／２１～,0,midnight
20260222,05,2026022105,令和７年度飯塚市営　飯塚ミッドナイト　２／２１～,0,midnight
20260223,05,2026022105,令和７年度飯塚市営　飯塚ミッドナイト　２／２１～,0,midnight
20260224,02,2026022402,令和７年度川口市営　普通開催　２／２４～,0,day
20260225,02,2026022402,令和７年度川口市営　普通開催　２／２４～,0,day
20260226,02,2026022402,令和７年度川口市営　普通開催　２／２４～,0,day
20260224,03,2026022403,令和７年度伊勢崎市営　伊勢崎アフター５　２／２４～,0,after5
20260225,03,2026022403,令和７年度伊勢崎市営　伊勢崎アフター５　２／２４～,0,after5
20260226,03,2026022403,令和７年度伊勢崎市営　伊勢崎アフター５　２／２４～,0,after5
20260227,03,2026022403,令和７年度伊勢崎市営　伊勢崎アフター５　２／２４～,0,after5
20260228,04,2026022804,令和７年度浜松市営　浜松アーリーレース　２／２８～,0,early
20260301,04,2026022804,令和７年度浜松市営　浜松アーリーレース　２／２８～,0,early
20260302,04,2026022804,令和７年度浜松市営　浜松アーリーレース　２／２８～,0,early
20260303,04,2026022804,令和７年度浜松市営　浜松アーリーレース　２／２８～,0,early
20260228,05,2026022805,令和７年度飯塚市営　オーバーミッドナイト　２／２８～,0,over_midnight
20260301,05,2026022805,令和７年度飯塚市営　オーバーミッドナイト　２／２８～,0,over_midnight
20260302,05,2026022805,令和７年度飯塚市営　オーバーミッドナイト　２／２８～,0,over_midnight
20260303,05,2026022805,令和７年度飯塚市営　オーバーミッドナイト　２／２８～,0,over_midnight
20260228,06,2026022806,令和７年度山陽小野田市営　普通開催　２／２８～,0,day
20260301,06,2026022806,令和７年度山陽小野田市営　普通開催　２／２８～,0,day
20260302,06,2026022806,令和７年度山陽小野田市営　普通開催　２／２８～,0,day
20260303,06,2026022806,令和７年度山陽小野田市営　普通開催　２／２８～,0,day
20260304,02,2026030402,ＧⅠ開設記念グランプリレース,2,day
20260305,02,2026030402,ＧⅠ開設記念グランプリレース,2,day
20260306,02,2026030402,ＧⅠ開設記念グランプリレース,2,day
20260307,02,2026030402,ＧⅠ開設記念グランプリレース,2,day
20260308,02,2026030402,ＧⅠ開設記念グランプリレース,2,day
20260304,06,2026030406,令和７年度山陽小野田市営　山陽ミッドナイト　３／４～,0,midnight
20260305,06,2026030406,令和７年度山陽小野田市営　山陽ミッドナイト　３／４～,0,midnight
20260306,06,2026030406,令和７年度山陽小野田市営　山陽ミッドナイト　３／４～,0,midnight
20260307,05,2026030705,令和７年度飯塚市営　飯塚ミッドナイト　３／７～,0,midnight
20260308,05,2026030705,令和７年度飯塚市営　飯塚ミッドナイト　３／７～,0,midnight
20260309,05,2026030705,令和７年度飯塚市営　飯塚ミッドナイト　３／７～,0,midnight
20260309,03,2026030903,令和７年度伊勢崎市営　普通開催　３／９～,0,day
20260310,03,2026030903,令和７年度伊勢崎市営　普通開催　３／９～,0,day
20260311,03,2026030903,令和７年度伊勢崎市営　普通開催　３／９～,0,day
20260310,06,2026031006,令和７年度山陽小野田市営　山陽ミッドナイト　３／１０～,0,midnight
20260311,06,2026031006,令和７年度山陽小野田市営　山陽ミッドナイト　３／１０～,0,midnight
20260312,06,2026031006,令和７年度山陽小野田市営　山陽ミッドナイト　３／１０～,0,midnight
20260312,04,2026031204,令和７年度浜松市営　普通開催　３／１２～,0,day
20260313,04,2026031204,令和７年度浜松市営　普通開催　３／１２～,0,day
20260314,04,2026031204,令和７年度浜松市営　普通開催　３／１２～,0,day
20260313,05,2026031305,令和７年度飯塚市営　普通開催　３／１３～,0,day
20260314,05,2026031305,令和７年度飯塚市営　普通開催　３／１３～,0,day
20260315,05,2026031305,令和７年度飯塚市営　普通開催　３／１３～,0,day
20260315,03,2026031503,令和７年度伊勢崎市営　普通開催　３／１５～,0,day
20260316,03,2026031503,令和７年度伊勢崎市営　普通開催　３／１５～,0,day
20260317,03,2026031503,令和７年度伊勢崎市営　普通開催　３／１５～,0,day
20260316,06,2026031606,令和７年度山陽小野田市営　山陽ミッドナイト　３／１６～,0,midnight
20260317,06,2026031606,令和７年度山陽小野田市営　山陽ミッドナイト　３／１６～,0,midnight
20260318,06,2026031606,令和７年度山陽小野田市営　山陽ミッドナイト　３／１６～,0,midnight
20260318,04,2026031804,特別ＧⅠ共同通信社杯プレミアムカップ,5,day
20260319,04,2026031804,特別ＧⅠ共同通信社杯プレミアムカップ,5,day
20260320,04,2026031804,特別ＧⅠ共同通信社杯プレミアムカップ,5,day
20260321,04,2026031804,特別ＧⅠ共同通信社杯プレミアムカップ,5,day
20260322,04,2026031804,特別ＧⅠ共同通信社杯プレミアムカップ,5,day
20260319,05,2026031905,令和７年度飯塚市営　飯塚ミッドナイト　３／１９～,0,midnight
20260320,05,2026031905,令和７年度飯塚市営　飯塚ミッドナイト　３／１９～,0,midnight
20260321,05,2026031905,令和７年度飯塚市営　飯塚ミッドナイト　３／１９～,0,midnight
20260322,05,2026031905,令和７年度飯塚市営　飯塚ミッドナイト　３／１９～,0,midnight
20260323,03,2026032303,令和７年度伊勢崎市営　普通開催　３／２３～,0,day
20260324,03,2026032303,令和７年度伊勢崎市営　普通開催　３／２３～,0,day
20260325,03,2026032303,令和７年度伊勢崎市営　普通開催　３／２３～,0,day
20260323,06,2026032306,令和７年度山陽小野田市営　山陽ミッドナイト　３／２３～,0,midnight
20260324,06,2026032306,令和７年度山陽小野田市営　山陽ミッドナイト　３／２３～,0,midnight
20260325,06,2026032306,令和７年度山陽小野田市営　山陽ミッドナイト　３／２３～,0,midnight
20260326,06,2026032306,令和７年度山陽小野田市営　山陽ミッドナイト　３／２３～,0,midnight
20260326,02,2026032602,令和７年度川口市営　普通開催　３／２６～,0,day
20260327,02,2026032602,令和７年度川口市営　普通開催　３／２６～,0,day
20260328,02,2026032602,令和７年度川口市営　普通開催　３／２６～,0,day
20260327,05,2026032705,ＧⅡミッドナイトチャンピオンカップ,3,midnight
20260328,05,2026032705,ＧⅡミッドナイトチャンピオンカップ,3,midnight
20260329,05,2026032705,ＧⅡミッドナイトチャンピオンカップ,3,midnight
20260330,05,2026032705,ＧⅡミッドナイトチャンピオンカップ,3,midnight
20260331,05,2026032705,ＧⅡミッドナイトチャンピオンカップ,3,midnight
20260329,04,2026032904,令和７年度浜松市営　普通開催　３／２９～,0,day
20260330,04,2026032904,令和７年度浜松市営　普通開催　３／２９～,0,day
20260331,04,2026032904,令和７年度浜松市営　普通開催　３／２９～,0,day
20260401,06,2026040106,令和８年度山陽小野田市営　山陽ミッドナイト　４／１～,0,midnight
20260402,06,2026040106,令和８年度山陽小野田市営　山陽ミッドナイト　４／１～,0,midnight
20260403,06,2026040106,令和８年度山陽小野田市営　山陽ミッドナイト　４／１～,0,midnight
20260402,03,2026040203,令和８年度伊勢崎市営　普通開催　４／２～,0,day
20260403,03,2026040203,令和８年度伊勢崎市営　普通開催　４／２～,0,day
20260404,03,2026040203,令和８年度伊勢崎市営　普通開催　４／２～,0,day
20260404,05,2026040405,令和８年度飯塚市営　普通開催　４／４～,0,day
20260405,05,2026040405,令和８年度飯塚市営　普通開催　４／４～,0,day
20260406,05,2026040405,令和８年度飯塚市営　普通開催　４／４～,0,day
20260407,05,2026040405,令和８年度飯塚市営　普通開催　４／４～,0,day
20260405,02,2026040502,令和８年度川口市営　普通開催　４／５～,0,day
20260406,02,2026040502,令和８年度川口市営　普通開催　４／５～,0,day
20260407,02,2026040502,令和８年度川口市営　普通開催　４／５～,0,day
20260408,05,2026040805,令和８年度飯塚市営　飯塚ミッドナイト　４／８～,0,midnight
20260409,05,2026040805,令和８年度飯塚市営　飯塚ミッドナイト　４／８～,0,midnight
20260410,05,2026040805,令和８年度飯塚市営　飯塚ミッドナイト　４／８～,0,midnight
20260408,06,2026040806,ＧⅠ令和グランドチャンピオンカップ,2,day
20260409,06,2026040806,ＧⅠ令和グランドチャンピオンカップ,2,day
20260410,06,2026040806,ＧⅠ令和グランドチャンピオンカップ,2,day
20260411,06,2026040806,ＧⅠ令和グランドチャンピオンカップ,2,day
20260412,06,2026040806,ＧⅠ令和グランドチャンピオンカップ,2,day
20260411,02,2026041102,令和８年度川口市営　川口ナイトレース　４／１１～,0,night
20260412,02,2026041102,令和８年度川口市営　川口ナイトレース　４／１１～,0,night
20260413,02,2026041102,令和８年度川口市営　川口ナイトレース　４／１１～,0,night
20260413,03,2026041303,令和８年度伊勢崎市営　普通開催　４／１３～,0,day
20260414,03,2026041303,令和８年度伊勢崎市営　普通開催　４／１３～,0,day
20260415,03,2026041303,令和８年度伊勢崎市営　普通開催　４／１３～,0,day
20260414,05,2026041405,令和８年度飯塚市営　飯塚ミッドナイト　４／１４～,0,midnight
20260415,05,2026041405,令和８年度飯塚市営　飯塚ミッドナイト　４／１４～,0,midnight
20260416,05,2026041405,令和８年度飯塚市営　飯塚ミッドナイト　４／１４～,0,midnight
20260417,05,2026041405,令和８年度飯塚市営　飯塚ミッドナイト　４／１４～,0,midnight
20260416,04,2026041604,令和８年度浜松市営　普通開催　４／１６～,0,day
20260417,04,2026041604,令和８年度浜松市営　普通開催　４／１６～,0,day
20260418,04,2026041604,令和８年度浜松市営　普通開催　４／１６～,0,day
20260419,04,2026041604,令和８年度浜松市営　普通開催　４／１６～,0,day
20260418,02,2026041802,令和８年度川口市営　普通開催　４／１８～,0,day
20260419,02,2026041802,令和８年度川口市営　普通開催　４／１８～,0,day
20260420,02,2026041802,令和８年度川口市営　普通開催　４／１８～,0,day
20260421,02,2026042102,令和８年度川口市営　川口ナイトレース　４／２１～,0,night
20260422,02,2026042102,令和８年度川口市営　川口ナイトレース　４／２１～,0,night
20260423,02,2026042102,令和８年度川口市営　川口ナイトレース　４／２１～,0,night
20260421,06,2026042106,令和８年度山陽小野田市営　普通開催　４／２１～,0,day
20260422,06,2026042106,令和８年度山陽小野田市営　普通開催　４／２１～,0,day
20260423,06,2026042106,令和８年度山陽小野田市営　普通開催　４／２１～,0,day
20260424,05,2026042405,ＳＧオールスター・オートレース,1,day
20260425,05,2026042405,ＳＧオールスター・オートレース,1,day
20260426,05,2026042405,ＳＧオールスター・オートレース,1,day
20260427,05,2026042405,ＳＧオールスター・オートレース,1,day
20260428,05,2026042405,ＳＧオールスター・オートレース,1,day
20260429,05,2026042405,ＳＧオールスター・オートレース,1,day
20260424,06,2026042406,令和８年度山陽小野田市営　オーバーミッドナイト　４／２４～,0,over_midnight
20260425,06,2026042406,令和８年度山陽小野田市営　オーバーミッドナイト　４／２４～,0,over_midnight
20260426,06,2026042406,令和８年度山陽小野田市営　オーバーミッドナイト　４／２４～,0,over_midnight
20260425,04,2026042504,令和８年度浜松市営　浜松アーリーレース　４／２５～,0,early
20260426,04,2026042504,令和８年度浜松市営　浜松アーリーレース　４／２５～,0,early
20260427,04,2026042504,令和８年度浜松市営　浜松アーリーレース　４／２５～,0,early
20260430,03,2026043003,令和８年度伊勢崎市営　普通開催　４／３０～,0,day
20260501,03,2026043003,令和８年度伊勢崎市営　普通開催　４／３０～,0,day
20260502,03,2026043003,令和８年度伊勢崎市営　普通開催　４／３０～,0,day
20260430,06,2026043006,令和８年度山陽小野田市営　普通開催　４／３０～,0,day
20260501,06,2026043006,令和８年度山陽小野田市営　普通開催　４／３０～,0,day
20260502,06,2026043006,令和８年度山陽小野田市営　普通開催　４／３０～,0,day
20260503,02,2026050302,令和８年度川口市営　普通開催　５／３～,0,day
20260504,02,2026050302,令和８年度川口市営　普通開催　５／３～,0,day
20260505,02,2026050302,令和８年度川口市営　普通開催　５／３～,0,day
20260503,05,2026050305,令和８年度飯塚市営　普通開催　５／３～,0,day
20260504,05,2026050305,令和８年度飯塚市営　普通開催　５／３～,0,day
20260505,05,2026050305,令和８年度飯塚市営　普通開催　５／３～,0,day
20260503,06,2026050306,令和８年度山陽小野田市営　オーバーミッドナイト　５／３～,0,over_midnight
20260504,06,2026050306,令和８年度山陽小野田市営　オーバーミッドナイト　５／３～,0,over_midnight
20260505,06,2026050306,令和８年度山陽小野田市営　オーバーミッドナイト　５／３～,0,over_midnight
20260506,04,2026050604,ＧⅠ開場記念ゴールデンレース,2,day
20260507,04,2026050604,ＧⅠ開場記念ゴールデンレース,2,day
20260508,04,2026050604,ＧⅠ開場記念ゴールデンレース,2,day
20260509,04,2026050604,ＧⅠ開場記念ゴールデンレース,2,day
20260510,04,2026050604,ＧⅠ開場記念ゴールデンレース,2,day
20260506,05,2026050605,令和８年度飯塚市営　飯塚ミッドナイト　５／６～,0,midnight
20260507,05,2026050605,令和８年度飯塚市営　飯塚ミッドナイト　５／６～,0,midnight
20260508,05,2026050605,令和８年度飯塚市営　飯塚ミッドナイト　５／６～,0,midnight
20260509,02,2026050902,令和８年度川口市営　川口ナイトレース　５／９～,0,night
20260510,02,2026050902,令和８年度川口市営　川口ナイトレース　５／９～,0,night
20260511,02,2026050902,令和８年度川口市営　川口ナイトレース　５／９～,0,night
20260511,05,2026051105,令和８年度飯塚市営　普通開催　５／１１～,0,day
20260512,05,2026051105,令和８年度飯塚市営　普通開催　５／１１～,0,day
20260513,05,2026051105,令和８年度飯塚市営　普通開催　５／１１～,0,day
20260512,06,2026051206,令和８年度山陽小野田市営　山陽ミッドナイト　５／１２～,0,midnight
20260513,06,2026051206,令和８年度山陽小野田市営　山陽ミッドナイト　５／１２～,0,midnight
20260514,06,2026051206,令和８年度山陽小野田市営　山陽ミッドナイト　５／１２～,0,midnight
20260514,02,2026051402,令和８年度川口市営　普通開催　５／１４～,0,day
20260515,02,2026051402,令和８年度川口市営　普通開催　５／１４～,0,day
20260516,02,2026051402,令和８年度川口市営　普通開催　５／１４～,0,day
20260517,02,2026051402,令和８年度川口市営　普通開催　５／１４～,0,day
20260515,03,2026051503,令和８年度伊勢崎市営　普通開催　５／１５～,0,day
20260516,03,2026051503,令和８年度伊勢崎市営　普通開催　５／１５～,0,day
20260517,03,2026051503,令和８年度伊勢崎市営　普通開催　５／１５～,0,day
20260518,03,2026051803,令和８年度伊勢崎市営　伊勢崎アフター５　５／１８～,0,after5
20260519,03,2026051803,令和８年度伊勢崎市営　伊勢崎アフター５　５／１８～,0,after5
20260520,03,2026051803,令和８年度伊勢崎市営　伊勢崎アフター５　５／１８～,0,after5
20260518,06,2026051806,令和８年度山陽小野田市営　普通開催　５／１８～,0,day
20260519,06,2026051806,令和８年度山陽小野田市営　普通開催　５／１８～,0,day
20260520,06,2026051806,令和８年度山陽小野田市営　普通開催　５／１８～,0,day
20260521,04,2026052104,令和８年度浜松市営　普通開催　５／２１～,0,day
20260522,04,2026052104,令和８年度浜松市営　普通開催　５／２１～,0,day
20260523,04,2026052104,令和８年度浜松市営　普通開催　５／２１～,0,day
20260521,06,2026052106,令和８年度山陽小野田市営　山陽ミッドナイト　５／２１～,0,midnight
20260522,06,2026052106,令和８年度山陽小野田市営　山陽ミッドナイト　５／２１～,0,midnight
20260523,06,2026052106,令和８年度山陽小野田市営　山陽ミッドナイト　５／２１～,0,midnight
20260524,02,2026052402,令和８年度川口市営　普通開催　５／２４～,0,day
20260525,02,2026052402,令和８年度川口市営　普通開催　５／２４～,0,day
20260526,02,2026052402,令和８年度川口市営　普通開催　５／２４～,0,day
20260524,05,2026052405,令和８年度飯塚市営　飯塚ミッドナイト　５／２４～,0,midnight
20260525,05,2026052405,令和８年度飯塚市営　飯塚ミッドナイト　５／２４～,0,midnight
20260526,05,2026052405,令和８年度飯塚市営　飯塚ミッドナイト　５／２４～,0,midnight
20260527,03,2026052703,ＧⅠムーンライトチャンピオンカップ,2,day
20260528,03,2026052703,ＧⅠムーンライトチャンピオンカップ,2,day
20260529,03,2026052703,ＧⅠムーンライトチャンピオンカップ,2,day
20260530,03,2026052703,ＧⅠムーンライトチャンピオンカップ,2,day
20260531,03,2026052703,ＧⅠムーンライトチャンピオンカップ,2,day
20260527,06,2026052706,令和８年度山陽小野田市営　オーバーミッドナイト　５／２７～,0,over_midnight
20260528,06,2026052706,令和８年度山陽小野田市営　オーバーミッドナイト　５／２７～,0,over_midnight
20260529,06,2026052706,令和８年度山陽小野田市営　オーバーミッドナイト　５／２７～,0,over_midnight
20260529,04,2026052904,令和８年度浜松市営　浜松アーリーレース　５／２９～,0,early
20260530,04,2026052904,令和８年度浜松市営　浜松アーリーレース　５／２９～,0,early
20260531,04,2026052904,令和８年度浜松市営　浜松アーリーレース　５／２９～,0,early
20260601,02,2026060102,令和８年度川口市営　普通開催　６／１～,0,day
20260602,02,2026060102,令和８年度川口市営　普通開催　６／１～,0,day
20260603,02,2026060102,令和８年度川口市営　普通開催　６／１～,0,day
20260601,05,2026060105,令和８年度飯塚市営　飯塚ミッドナイト　６／１～,0,midnight
20260602,05,2026060105,令和８年度飯塚市営　飯塚ミッドナイト　６／１～,0,midnight
20260603,05,2026060105,令和８年度飯塚市営　飯塚ミッドナイト　６／１～,0,midnight
20260604,02,2026060402,令和８年度川口市営　川口ナイトレース　６／４～,0,night
20260605,02,2026060402,令和８年度川口市営　川口ナイトレース　６／４～,0,night
20260606,02,2026060402,令和８年度川口市営　川口ナイトレース　６／４～,0,night
20260604,04,2026060404,令和８年度浜松市営　普通開催　６／４～,0,day
20260605,04,2026060404,令和８年度浜松市営　普通開催　６／４～,0,day
20260606,04,2026060404,令和８年度浜松市営　普通開催　６／４～,0,day
20260607,03,2026060703,令和８年度伊勢崎市営　伊勢崎アフター５　６／７～,0,after5
20260608,03,2026060703,令和８年度伊勢崎市営　伊勢崎アフター５　６／７～,0,after5
20260609,03,2026060703,令和８年度伊勢崎市営　伊勢崎アフター５　６／７～,0,after5
20260607,05,2026060705,令和８年度飯塚市営　オーバーミッドナイト　６／７～,0,over_midnight
20260608,05,2026060705,令和８年度飯塚市営　オーバーミッドナイト　６／７～,0,over_midnight
20260609,05,2026060705,令和８年度飯塚市営　オーバーミッドナイト　６／７～,0,over_midnight
20260607,06,2026060706,令和８年度山陽小野田市営　普通開催　６／７～,0,day
20260608,06,2026060706,令和８年度山陽小野田市営　普通開催　６／７～,0,day
20260609,06,2026060706,令和８年度山陽小野田市営　普通開催　６／７～,0,day
20260610,02,2026061002,ＧⅡ川口記念,3,day
20260611,02,2026061002,ＧⅡ川口記念,3,day
20260612,02,2026061002,ＧⅡ川口記念,3,day
20260613,02,2026061002,ＧⅡ川口記念,3,day
20260614,02,2026061002,ＧⅡ川口記念,3,day
20260610,06,2026061006,令和８年度山陽小野田市営　オーバーミッドナイト　６／１０～,0,over_midnight
20260611,06,2026061006,令和８年度山陽小野田市営　オーバーミッドナイト　６／１０～,0,over_midnight
20260612,06,2026061006,令和８年度山陽小野田市営　オーバーミッドナイト　６／１０～,0,over_midnight
20260612,04,2026061204,令和８年度浜松市営　浜松アーリーレース　６／１２～,0,early
20260613,04,2026061204,令和８年度浜松市営　浜松アーリーレース　６／１２～,0,early
20260614,04,2026061204,令和８年度浜松市営　浜松アーリーレース　６／１２～,0,early
20260615,05,2026061505,令和８年度飯塚市営　普通開催　６／１５～,0,day
20260616,05,2026061505,令和８年度飯塚市営　普通開催　６／１５～,0,day
20260617,05,2026061505,令和８年度飯塚市営　普通開催　６／１５～,0,day
20260615,06,2026061506,令和８年度山陽小野田市営　山陽ミッドナイト　６／１５～,0,midnight
20260616,06,2026061506,令和８年度山陽小野田市営　山陽ミッドナイト　６／１５～,0,midnight
20260617,06,2026061506,令和８年度山陽小野田市営　山陽ミッドナイト　６／１５～,0,midnight
20260618,02,2026061802,令和８年度川口市営　普通開催　６／１８～,0,day
20260619,02,2026061802,令和８年度川口市営　普通開催　６／１８～,0,day
20260620,02,2026061802,令和８年度川口市営　普通開催　６／１８～,0,day
20260618,05,2026061805,令和８年度飯塚市営　飯塚ミッドナイト　６／１８～,0,midnight
20260619,05,2026061805,令和８年度飯塚市営　飯塚ミッドナイト　６／１８～,0,midnight
20260620,05,2026061805,令和８年度飯塚市営　飯塚ミッドナイト　６／１８～,0,midnight
20260621,02,2026062102,令和８年度川口市営　川口ナイトレース　６／２１～,0,night
20260622,02,2026062102,令和８年度川口市営　川口ナイトレース　６／２１～,0,night
20260623,02,2026062102,令和８年度川口市営　川口ナイトレース　６／２１～,0,night
20260621,04,2026062104,令和８年度浜松市営　普通開催　６／２１～,0,day
20260622,04,2026062104,令和８年度浜松市営　普通開催　６／２１～,0,day
20260623,04,2026062104,令和８年度浜松市営　普通開催　６／２１～,0,day
20260624,03,2026062403,ＧⅡ稲妻賞,3,day
20260625,03,2026062403,ＧⅡ稲妻賞,3,day
20260626,03,2026062403,ＧⅡ稲妻賞,3,day
20260627,03,2026062403,ＧⅡ稲妻賞,3,day
20260628,03,2026062403,ＧⅡ稲妻賞,3,day
20260624,06,2026062406,令和８年度山陽小野田市営　オーバーミッドナイト　６／２４～,0,over_midnight
20260625,06,2026062406,令和８年度山陽小野田市営　オーバーミッドナイト　６／２４～,0,over_midnight
20260626,06,2026062406,令和８年度山陽小野田市営　オーバーミッドナイト　６／２４～,0,over_midnight
20260626,04,2026062604,令和８年度浜松市営　浜松アーリーレース　６／２６～,0,early
20260627,04,2026062604,令和８年度浜松市営　浜松アーリーレース　６／２６～,0,early
20260628,04,2026062604,令和８年度浜松市営　浜松アーリーレース　６／２６～,0,early
20260629,02,2026062902,令和８年度川口市営　川口ナイトレース　６／２９～,0,night
20260630,02,2026062902,令和８年度川口市営　川口ナイトレース　６／２９～,0,night
20260701,02,2026062902,令和８年度川口市営　川口ナイトレース　６／２９～,0,night
20260629,05,2026062905,令和８年度飯塚市営　普通開催　６／２９～,0,day
20260630,05,2026062905,令和８年度飯塚市営　普通開催　６／２９～,0,day
20260701,05,2026062905,令和８年度飯塚市営　普通開催　６／２９～,0,day
